<?xml version="1.0" encoding="UTF-8" standalone="no"?>
<BlockMap xmlns="http://schemas.microsoft.com/appx/2010/blockmap" HashMethod="http://www.w3.org/2001/04/xmlenc#sha256"><File Name="data\flutter_assets\fonts\MaterialIcons-Regular.otf" Size="1645184" LfhSize="81"><Block Hash="79YDsey+XBrT4Jpt3F9N2osUgv5iHf463nZKuytH46c=" Size="34143"/><Block Hash="Hrh9OUQDLbuY3gro2sq3WTDyha14AbB1eo9S8ccfhZ0=" Size="34567"/><Block Hash="MaAsYbyHOgQNTjanI/+xtlklxj5J26YV/6B86g0IZp0=" Size="19710"/><Block Hash="SOfQLkHmE7Od+FPRrq+G0RqvirRXUbNICKHYn3g/qNI=" Size="11185"/><Block Hash="ncjTT87qOaSt0YkeFXTqoias/i71mjZjB/xJXovktfA=" Size="24644"/><Block Hash="RCDriKbNT8FoKm/ai5DWKMA8urZv7CBl8g4tMTu+uB4=" Size="26170"/><Block Hash="xakPWKdLkMi4VwNo7fKh9CuuU7fJc6qENRlnKZoNYMc=" Size="23656"/><Block Hash="k2UV/z0HO/ADQBFRwG/nktaF8sJgESwJfK/w8stM0CI=" Size="25496"/><Block Hash="c8JTewQg5+ZGmc1Sp0AB1pApW9AXfPrfcUtdjd9RpTg=" Size="23461"/><Block Hash="ZHa58YXdb98OslM+l3EH9rq62IWmHOT1vsnttrV4jgU=" Size="25157"/><Block Hash="/OMqPWXcstr40PKooVMwyfnu+80jt9XXCveEv6Gn05s=" Size="23506"/><Block Hash="KqgUqzxXl2qZ98LfTr4K0zVswFySpO+U85qch9Uddk4=" Size="24823"/><Block Hash="ut5iYduwSzR4vaKWhUIlk038jQBGPiAMIarsZxQck0U=" Size="25756"/><Block Hash="k5FtRWPZJEEwlvrC407KjiXgzRvf1/K218CKf7j/UsY=" Size="26394"/><Block Hash="VCVRtbsQRwUzhX8kmfOKu3QGgIsCY7i3XG36Tt9VG0Y=" Size="25827"/><Block Hash="9gdceL7JVExozrEnsKujBxtEGqexUjJj5jOyRyB2nng=" Size="26028"/><Block Hash="dh1dJzeuSGCzEYaJFIMQ77zeC8PpQpZk8Ebs7kB5DME=" Size="25745"/><Block Hash="kNTjBRz5/bYYXvvcj7e0aZNK7l4UFZi9os+8eAJtT18=" Size="26213"/><Block Hash="57zHsxM/j86e8auDsGzd03SS7Qp4OSfZW8aBwcRku4Y=" Size="27348"/><Block Hash="ONbj/iRyyEHuEXzAr84SyGMT5AkMttxH9dfKBCjR+pE=" Size="15867"/><Block Hash="rQKHk4CC8CcZHQLlnOJKMDvLVf75llpgnr8mE4du0hM=" Size="14111"/><Block Hash="rc09HTeQGywosUQrs8KWfMs4AGY1N1rNNoDn11NPPAc=" Size="16176"/><Block Hash="CO8v+hCbs80A+Adj+YMQR0Iyuu81FOdRs07GtpYxDlQ=" Size="14279"/><Block Hash="PBcxiinfQC4z+ndmiVdJuT0aGE/c9c/ngEh/upNIB50=" Size="15308"/><Block Hash="dCJQlWVME8Bz6SmGm3jugaHmqSK+1UPgROIHRc8oJgo=" Size="10957"/><Block Hash="ASXaPxoxHgu5FaB1/Fb8kCkYaPOnU3ZRCaNlrPzja6g=" Size="28"/></File><File Name="data\icudtl.dat" Size="778864" LfhSize="45"><Block Hash="ymdQIFlPzzITelkl+/ANxk0TTsl0yjMSILvhJe8N450=" Size="46491"/><Block Hash="ir/Ix93qd2L6G7myxhfJsPD2+Ql2XibkgE+97pVKXmM=" Size="45237"/><Block Hash="lb99pCO5bu11hUNEyP48bLsEKWq/MHZFIQqf28eSpnc=" Size="44617"/><Block Hash="TCJuUsib8R0PcFbhQcPfA3OOV+I27ylZSDk21rbEPVw=" Size="40465"/><Block Hash="AbicDS2jBshB+DfvJGXHjWX7vA/rTxUoeuxATIg3jD0=" Size="45824"/><Block Hash="mxARoG2wrVlmhNI5CTcqJzD94mCnJ8hmsOjAxENo54I=" Size="49052"/><Block Hash="Bud9QdaY1x6TZT+Sjg7u3euDXGHSr9IMxIluFAiiJEw=" Size="25389"/><Block Hash="Jq0/EXE08bwRf4ZPSSBiF4xO7Hsd5DCW6BwKnALa84g=" Size="38058"/><Block Hash="teDH3AzYLT8llYskwSOnzLrD+LIAsY+PjflEb0fnyg0=" Size="49484"/><Block Hash="Z5YlwEni3bk5BhdpJwGfGHLa5yFqcKo4q8eQ8ufk7Q8=" Size="24032"/><Block Hash="XH1DrhX4i+y/RkoNAN0/CAuy+yp6p3ViIECbcf/Chj4=" Size="28495"/><Block Hash="WkEki5uhCjZWDSTNo+YUSpQp+ZMQ3tlR/CyhVPVHleA=" Size="22745"/></File><File Name="flutter_windows.dll" Size="18181632" LfhSize="49"><Block Hash="wP4/Wk+UXOmXyLCpNOW9DP/3boh67kkHA15qmlnm1pQ=" Size="32611"/><Block Hash="tLsQ7Cx6T7wg762CBsFtVc19Z+NMZh2uDfW4bw7LlRU=" Size="33121"/><Block Hash="BNuVUCyjHFkJxcUtRMG9aRlvyAIk6Hm6WQdf7OXIMp0=" Size="32665"/><Block Hash="lsUBmEziszKkakj/ijB4y4N4LHQtn3YXAtsa2c1T78w=" Size="32626"/><Block Hash="Gzt6+f4tqRUgxHZzFEPv/37JTKMoBnGKnALgEx1RnAA=" Size="32085"/><Block Hash="+0yZWsRk6g5dB8z4XqD5Rz8cLXtqCYlHUEx+9LvNr8c=" Size="36654"/><Block Hash="H3H/ZvY6OBKonKwuOChtMLkgjhCDt3mLGGg1P6QMGrM=" Size="36747"/><Block Hash="uvuN9yiMOZTiX3UsjL0C0HnnmFHRGnaZ6fiz9pEqpZM=" Size="36461"/><Block Hash="QTn0S2+5lJ7xc492f4W216HfTi09OvNrPm9eKNzNzc0=" Size="37452"/><Block Hash="ajxWHuA8gmwm+wa9zmC4QFruXfgfrv+1V05GFwsjQKQ=" Size="37511"/><Block Hash="V9lIAS8Em0bSGsBdMc4kxKdt9vqd+lVMicMJJow5eIk=" Size="38786"/><Block Hash="7J/41yGO9hjS2xg4O3SjSUAhO8Xmu7r4F+m5YHP8vEw=" Size="38504"/><Block Hash="z2c3rfREOeKhxu/gdVWffonrKcfSMS9mKMi9LsrkG6g=" Size="32469"/><Block Hash="lKmXEkVlcyrsyRjAcb8E9cFvqfZCtr+WttOBc10E3Z0=" Size="31234"/><Block Hash="6rE6hWNB/EfoLpo0N/oR3WpuuX5XRyDnHZiY69qm2nM=" Size="33881"/><Block Hash="5xh8oHI83K6raMrEwAonY21gmpgynDGJdXr5m7rdGdg=" Size="26089"/><Block Hash="iuu7HHKD973DBq0toqyOVxfBUy2eFpUnTZHLcoLMvU8=" Size="31916"/><Block Hash="S7uExQOhyLhPJVksv5abiEoVS9FADzAKxCWAj09j76g=" Size="33393"/><Block Hash="eYvrjqAiZY0EfKU6uhGwCqmKtK8Nlu3+gI+72cCosg0=" Size="32569"/><Block Hash="hkBx+0Qj3ju2sMMBk9qKltFxCoomxsYhqtzni3y0GI0=" Size="36863"/><Block Hash="VlsDNADC+NNUGFQY6fDi3/PTU9dIWpAya1iSqccJTEo=" Size="32492"/><Block Hash="9Hu1/lUJx8NP3lJjdk65lzs0tkVvOZ9Z2M8v3JHGR9U=" Size="37604"/><Block Hash="fnHqBmX5vHU2M01JZMA3gtRioVOujcYZdtuR9WnuM2U=" Size="36958"/><Block Hash="fIK/UIA+CVeU57viQx5MlI2EXubQwa7wkRPOKDBJBkw=" Size="35717"/><Block Hash="YeXF3Kg6awpM+FJY3UEV7zfaSWdxkWfiAGHj6QVycsk=" Size="27853"/><Block Hash="24JNOmNdg2ImvQUVkhD0EsrAYPpDOAmOFhOmmUw25hE=" Size="27819"/><Block Hash="HPNi5QbD8qwLusuMF6Y3rQ4g2yqQ2oENrvXeWNlhLco=" Size="34800"/><Block Hash="OX2qJOvFomc8MT5P98I+4IpMDq/dYjnWuNHmU0LiQ/c=" Size="34110"/><Block Hash="Fvp/Z0JZqW2UwndT6Mxdx51s2HhlspHPGvvwq6gAacI=" Size="35585"/><Block Hash="f58GLkxzggM8lVcP3rjpwMBq6ghm+nzYUldqYvPKEHU=" Size="35506"/><Block Hash="nP7w+J134i/YWnTGKox12e8iQMZwPP20TBHJNZzyKHw=" Size="29785"/><Block Hash="wRpXaRui/wtM/sj+FNBLhxWwn3SSQNwz/HuQdRC7n7s=" Size="36096"/><Block Hash="ZDEiXbs9ZS/qlPBLY+OKqz3ACRahHjNSXInaQKFE3mc=" Size="35377"/><Block Hash="nCNi1McUDU9WSzfX6jO7FXKZ5HsJblZ1PmYjgh0KFL4=" Size="37496"/><Block Hash="dNaAeDlO5kim5AuvXFbGaM8PWNXGBlvZKjPQxUwtfuU=" Size="31843"/><Block Hash="nyARmNhoh71Xe3KT7rGycYGL30p2w7HPnuyLdRValXo=" Size="32606"/><Block Hash="xJ6VMYiJ6kvVcYl5Dga+CGznvEyBhRITkzyZRON5uyQ=" Size="30296"/><Block Hash="2zLdfDFdqBxfRnNfj5sa5SowJYHHcF6Tml6xSfafijU=" Size="33028"/><Block Hash="XIria/UDw6DW38dihkIltHJI1ZFPgOQu0RlYc9/rBgg=" Size="31029"/><Block Hash="XtHJqnrcSF4ZmjqO1hLytxjXitRowlDaY4Cyy+tX6ws=" Size="29763"/><Block Hash="S4L5Eqg8VRMpOJaAelEuQB9oDyE1GyQsHSZSYTU4sYY=" Size="27971"/><Block Hash="dJkHnQlU4ohWjPTN/g+26pBDcuixjaBgxim1XeSFRpI=" Size="29407"/><Block Hash="7MMKhB0xWZdw1hAk9vbb06Pgfoe1TqOB6mFKjiDUq04=" Size="34574"/><Block Hash="3xNC5wJh24QjxJHQwTcW/zp6x2B0mzfdRPqhaLUw/uE=" Size="33951"/><Block Hash="DQH83bqJgtMFZMRv2ZC1rbwpqAS7+4WqaGjWBZdF8Pg=" Size="34476"/><Block Hash="F9QDZv81WfdqMqHI/Kx08TpbYxxmeZAsZAd3slO04Pg=" Size="34175"/><Block Hash="/tio8V3XIF6m2uXS0dwRrqVp3Qbbysh/9HRlIt2dNMI=" Size="33845"/><Block Hash="IDSYIE5X2VNKrBIYXmQ0/+mnlkR1fZsZaj2pa++yJMU=" Size="34882"/><Block Hash="QBFtjzSpJoRVBVZe+qUMQnJvFUD9jRUP1huVvMGZvlU=" Size="32673"/><Block Hash="ki9YVBoyPGicTx/SYRO1IhC02n87cWQNOHtONeYGLp4=" Size="32258"/><Block Hash="c3Zu8BY/SNELV5qdlW3wG3Qpd7nHronCy3iayduHCxE=" Size="37404"/><Block Hash="pWPW/wNmR+GNqXnH706pqf6W9+EdscZsgFtHXYJa+bs=" Size="33598"/><Block Hash="ETBpaZAX1JJQBvrRoWEcMrYEiSlhb1z+vgerQet37LA=" Size="35881"/><Block Hash="AT6OxbrbofI3hhw6EXx1VxhAhaKzeFiYAKLgyO8krj4=" Size="33268"/><Block Hash="JxwmXiHeyKGmnlKirNFeJuF8DjDw2eVK00QwKzDspyY=" Size="33706"/><Block Hash="TqEsPzK16uA0QpYCHy/D67kRksg1uGR4dkxrdM9QF3M=" Size="36299"/><Block Hash="nckqP06YLWm7spQWGJHcYvvaJJQs2NLvndb4GBWZJYI=" Size="27698"/><Block Hash="Gy/7mvIjXZDaxMnwlGDNk81X6WBg4WlluhPHnDVDEZg=" Size="32488"/><Block Hash="BwIjVqpdGFr4GQSoYHk0Ke0OKpQmiP0xmnja/0RezqA=" Size="32638"/><Block Hash="fMGT/5oGW4aIb74nk7+tyWwpkjflMapBt7bXDEs1MFg=" Size="33002"/><Block Hash="ttR74es6MB0OsOxSTxbvuvRZQc2Fa7SosikX6U6Pgd8=" Size="34244"/><Block Hash="vO0H/jB9qdExTz1VHGe64jyDWPqvNuNxgDtwpV40Kts=" Size="36091"/><Block Hash="F6hYp/L+3PD5pKnSlDLYnSUfaXY9XmJ37hnyZgNldVI=" Size="31389"/><Block Hash="OD6ovRcCxX8AZgRzAk3cinQoVEZ2Y/lW1ZPH9tmfBT0=" Size="30316"/><Block Hash="IPeMuC9AIjkznqN6Rr65gnAfr+mgLn63kfaicPfOglw=" Size="32266"/><Block Hash="V9UoJQoWLB/PRbYQ992MXXXh6yz3m0Mpuvd9rDxRtCE=" Size="37973"/><Block Hash="VEXQX1dcFPyr1skDOrwsAupk180Nw87E6VWa0IiqpG0=" Size="38413"/><Block Hash="+S2GnUuSjPRxHK1dQbU8dUru2OkVkYCBpCi6DvzpuME=" Size="37852"/><Block Hash="fHUHfitE9TMgly2+MIRsEVip+5z9R5QeoChHBCAy7+Y=" Size="23999"/><Block Hash="p0ZE9pPV3WulcPbyFNr8AHZPcPQSPQ8ZqHw/kZZk6Bc=" Size="28205"/><Block Hash="d33gYZGV7xusHO/Nyulf4V8Pr9ZnOuJCsXiZ2a4+1Tc=" Size="30293"/><Block Hash="fdrO8UdspX2EqDWtkQm4kLvOTfA33oxBUrkMbra+yIQ=" Size="31662"/><Block Hash="Pb4BPia+2h6vqi+0sVyk2Z4Uj0REgbLkeoG2a0Rb2O4=" Size="31618"/><Block Hash="bd0EGjNbw9uDuwERZEq7UB8OzpJ3kIaN+SVwsnwrSGs=" Size="36436"/><Block Hash="lZuDp7LrPKws6w7grS83L3Zz3v9h6TgqGQJBX4lBtTI=" Size="32394"/><Block Hash="PgEx7gsXPS9ewNxoy6fN71j1V1673DkqbJD+1qBPEnM=" Size="33940"/><Block Hash="RSlvpjhSlp/HnKZ+O+h6H8SfBiiZAJ9RN0ueAgXFwfQ=" Size="35907"/><Block Hash="ne870nIXtFia6kSC8VQC7OVwhezP+AhG5lJEcdE5IR4=" Size="36460"/><Block Hash="1cldEhem0/awIoxjDD14k/zFMZid7ryorW8EiGeeMLI=" Size="35974"/><Block Hash="P5PMG89tMuedJ9mJAHeyPnRjJHTMSrQf8un5rpu1GkQ=" Size="34154"/><Block Hash="eSqqj3XwaHaMhu302XuUJXyYYIRvhGBKvwLHAHA/D/I=" Size="35150"/><Block Hash="WSNBRG3nVQ3O0Za5cb9YWdx2lFpcaPVS0HiB7/TTVU8=" Size="32189"/><Block Hash="lSnXXitMe5cAnM3n7fnnlTm/qV7Lx7x5QEOoeXCW47c=" Size="32447"/><Block Hash="hq22sMU3v+yhsUZiO7AyppaEWt+LB3NWHH9YvVairnU=" Size="30555"/><Block Hash="0bE1TJNSQwuhoxbKo6dG5NgWVRLHnThKmQARYu7EUZM=" Size="34883"/><Block Hash="qb0/uMM9dy3/JpJR0TLpXvG75xkFZV4kfVbwTzyI0xA=" Size="24354"/><Block Hash="U6MZG/PZGzJPIRwKJckXpUOKuinKGF4uHDkSZTbyU+E=" Size="30491"/><Block Hash="IK8WgmUqYix26CfqC1k/+mU42thj4CEll4kY8rYP09c=" Size="29186"/><Block Hash="LlgvfD4e0ahNP2vGgeFHY7v4bVte3/XGs3v3ksKgLeY=" Size="37220"/><Block Hash="lxAxwOmPT/lYOaukzK+HSOR6QzUHAvbsC+cxQQdzM0U=" Size="33892"/><Block Hash="O6IFleWaJ1P7Nedd0HZlu+XrxwIsVRVeEaogi4JrIYk=" Size="35207"/><Block Hash="s4UZHAI2zPByijhsLCLf/W4XmX9HtYNjsKBf4jIvNH8=" Size="35499"/><Block Hash="fjRg2k8r+9fKSnvpLLmcJDZvHP2ihzdzbCNv9z1a+VA=" Size="29523"/><Block Hash="Ewguzeac8ifoAETUmFrost0JpZgn1tma3KjNni6rHgE=" Size="18015"/><Block Hash="pAMtNxXK3I+/UblnfQ50DyGt+Ps/iU9m4zjMBzpfryM=" Size="29629"/><Block Hash="dcGP57ybq1dfaXohm4NXjPKbT9grByp5sqB8GBRRqnE=" Size="29569"/><Block Hash="2ONv5U3AXo3St3GMoXl9vtWlWsCS1/kEhfwO+ehMhYM=" Size="31581"/><Block Hash="heTg6RU9oNmtERMmKjMHWPOqNrrzLPjCJzAmJNF8rC4=" Size="25777"/><Block Hash="gP8ecN5B7o5ZmdgUVe5Bax8GE/qMS39tYjXRy7jOgEA=" Size="32801"/><Block Hash="Xl8062bcaJwV81t+cxr8x1PvpOvO94XXNZrxAWaiijo=" Size="31610"/><Block Hash="qc1z9u6B1CkcOMxFjct5i4FKymbzPokQ6BIyUUfRTng=" Size="35471"/><Block Hash="EsWwu+mf3S/81o8XSQ+1zqkZqG+jCtdqRXIvsBHU2Ik=" Size="30871"/><Block Hash="rpg/bh8j7g8x6gKgKIPf53MuSk3+lMsiTWI6BipiitM=" Size="28748"/><Block Hash="kXLgBHC3kAjHPsKS5vjaG8QCNTuaXUBRUyKZbFxARAE=" Size="28347"/><Block Hash="Z92gpUMpxG/2g9iPnir01V98nP+2cIfemtxiSwM7GMw=" Size="29050"/><Block Hash="/WVH1Xa930e34j6owk8nJo82qynFMrbo66kuX70pA9M=" Size="31551"/><Block Hash="TCmlPhgQ6FkOIWP5eiM6SkfITR3QtIGU9yuMtdZWbBk=" Size="30250"/><Block Hash="pY4Q9LhvkQxFGfDOZ8zUUNdbl/eRuByqIiWIprKNnq4=" Size="31677"/><Block Hash="cRu3YlejqH82rT8ZGwtOxhVP0hROqfbg5uFZna4a91A=" Size="30896"/><Block Hash="aA4uqNX0etJhuNVEn/xk66vuKHO2Zb2xI+yNAXdbDNQ=" Size="30152"/><Block Hash="yCEtZoXvG4KZtDjMOdisVm3cT6y+hQOjx9t+PLSzaPE=" Size="32072"/><Block Hash="aj3SFdF7oEU6NYvR/SxYjD/TVzm2JqRjhW9CuceHm+c=" Size="31811"/><Block Hash="uKKxofO5+q1NoiWf81S9nc23sQ31ho70cyQky06Ry5U=" Size="27382"/><Block Hash="L9+10QZD3AnfTpquFiOzrgB/Q54obPqAZ118/kZpLWg=" Size="25234"/><Block Hash="VrsH6TUW/dgIk1kPudGeSYIbk+nt3sCsOzbhOfYyhtY=" Size="28663"/><Block Hash="wuAc2z/I9yC8+GXwQY3FmXoaLURh/N0ro6nBdPDROdw=" Size="32279"/><Block Hash="DBFW8K6s5UFkpa/feZ6dubCIhpTetBBV14byPQ9D1dY=" Size="21986"/><Block Hash="HLg+wk/beyh6pqSilAWcEegQ+lImMRKo/i4FV7U3wDA=" Size="26568"/><Block Hash="V8RS6p0t94Ov9E+9h9Vquzvoj5AzuZK3IjRY6M3YNlU=" Size="32826"/><Block Hash="3YuVupktWhdd01kQRA3GkkUX66Xb3ihh+DHQ7zhgv7Q=" Size="29996"/><Block Hash="j/QRK3f75F04TaX6R6YK6LB1xGTurTeYzM9ZnhJsgCQ=" Size="28962"/><Block Hash="xQi/DFl8j4TaKmtq2cdzc1d7MO1CGKE84n+ZWHGQb6s=" Size="30125"/><Block Hash="m26dZ2lipy0c5NbVG481msvaaObSXpzwlxInysUktI4=" Size="31135"/><Block Hash="cfLkGaT4aV7x+PnUlyxksZJLt/ERtmLiDkiNa6kPjx4=" Size="28939"/><Block Hash="1RhIIP7eMnn3nDxCkpzxbx6nGueqyGPAndkDlSfBXNE=" Size="26087"/><Block Hash="SyID+JE4hBvXZV31Lxm/1QOe2AO6dHUv4n81A2y/ccg=" Size="33078"/><Block Hash="kukn55gycbvn99zecHsrxkkMynm6E2aUpusIDKDF1xo=" Size="31506"/><Block Hash="zHIiTUPWY2qmKGO1BZKcsjFd5j0Np6irAaBNsUqBcD0=" Size="35443"/><Block Hash="IqrTOwI+s+kPQMD3LDXBgae8Ns+F1otzJyd6FVgcb/4=" Size="25298"/><Block Hash="hLXb/cNLNA31s1VPVrmy4UAUqd5cctP4YN65AOVHnOA=" Size="31682"/><Block Hash="I9CvdAq1CNKAWJvyj0XC6NUp8i9tkJ0ewzZaDYZeFUQ=" Size="30149"/><Block Hash="27ND997Mubg7YIverBSn0Mdonoe9fozqbqgvWXwP36Y=" Size="28995"/><Block Hash="9i4/P9l97TkkdbH7IqmYjjLOxOiVkf5d7FyoZLGtTVg=" Size="28784"/><Block Hash="pnCFyHUfZjsOzhDBI8OpSSb/kTxkIa+9tw6H9Di+rOY=" Size="31789"/><Block Hash="L0c0XRuKIlJ69Kr2sVBZIa8H2dTsTw9OyInjRK7q6i8=" Size="31158"/><Block Hash="fhGq/mailWtyGmfFmNlTbzeGRkogq978a3cEjPNi0Uc=" Size="33234"/><Block Hash="ibk7XB40qQqHGs4Y4FfsPH3OB8DYx2AHrN586qtmgRY=" Size="32558"/><Block Hash="Y0bFThev2gLSyJqsWhTs1FVqTShrv5+wSL55EgHvyp4=" Size="34396"/><Block Hash="PwvYYJSixChodnieqdxOjU6yLEjSDBNz3t6HIhk6EX8=" Size="35408"/><Block Hash="Yx+dyjdwivbdOUvrOgXenA/dgQl/VzsYZTvSgL0Z9MQ=" Size="33781"/><Block Hash="xdFLBi8aE5T9GZbntoFy/qJx2UQLH0X8pBAyemP0NMs=" Size="35174"/><Block Hash="P67QyIxrB1U6iRg/mH/Kqpr4Lp4n3h+HUQs9z3wQovA=" Size="29711"/><Block Hash="UmbqI7A0BeQ5I3Jxdaxl2cH1W758Uy4Y+Zt+sPB6QBI=" Size="29865"/><Block Hash="pHgc9rIGdjCeU9YPeAaykRTP7uqu6uXC5Xau5nZECIY=" Size="34703"/><Block Hash="cXmvPNNFWZzl88bPGE47NWc2PqumMDtJD2CCdNQky6c=" Size="28803"/><Block Hash="Kj+qvTMRNNlgqz2VWIC/BiKszjzhXK8ruEpBRBxJ2yQ=" Size="12838"/><Block Hash="EyA1wywvvLz0Ewdm8IvJVJ4JajlMjc1CfTUhwOr2suw=" Size="27385"/><Block Hash="WTMUsT7jh1h/ipSmJAYa/B9avBLlME2xwvzTSoVwcr4=" Size="24868"/><Block Hash="O7zeCF/xNUS9JiPa+87M+vpVVQvNmDYFi+9MccW3rnI=" Size="27093"/><Block Hash="dwGViIFA64ou1toROinkIbCNdd3dfu9RnB7vVAruTG8=" Size="29979"/><Block Hash="161slW/N78lU4HQiK2BANMF8wOlJQrJ6M3Af7AAiF9c=" Size="34723"/><Block Hash="uYOr7TEg6o2qY8chtfttBvv6aSyXMMmiHA/TJSsGimI=" Size="29699"/><Block Hash="W8bBGrJJhxQ9oxJJgJWdJaODVwKprN5fQJ2mE2oZYT8=" Size="31944"/><Block Hash="ZOFXZScN6mc4rakMr/EUzOcRLbex/cseYzQVeGvKUVA=" Size="32100"/><Block Hash="WND+R2II7B6YKoEPZUcEaYwPNhmpdVmaPj+4+x/vuoQ=" Size="35100"/><Block Hash="fdZM2BCGxqtBtb9Sy0n/VDSiI4PLAHXeNmhvs/YyeCU=" Size="25654"/><Block Hash="cjAnkgJQ5jTQ+chAvbS2I/YJlzAllaT2Uhi46KqZMjY=" Size="17791"/><Block Hash="v+jQw5XWRW2jO77DNy02eOTQU57OnB/4W9GwYawseNk=" Size="17736"/><Block Hash="a6usxgTAkmfF36NSZ4L2bru3/BE4ini+Udg0gCPWti8=" Size="12764"/><Block Hash="1DgQHgyyNJLIVnB3+u7xAsVleQGEdar5PV0rKAtzYUs=" Size="27837"/><Block Hash="1/NH35q+bi0ftLtnp+QBzXjHViqLXLUu6o/5dnZnCok=" Size="31320"/><Block Hash="tEulUTSyGGyr+16mfMcit1wXet4mEKifjx3genyxvko=" Size="29300"/><Block Hash="TlDCEKsSWP//TYdnSLlDslbwEExLkdEMzMwNvD2d7AY=" Size="28057"/><Block Hash="DIJ2fSYcCNMKHEpUL1Yj5izIju7wzkVaPF3jA55d3/0=" Size="29525"/><Block Hash="0P7Wc8ZrdfKujyVbbolzvCvwQIbQpCzGjdEpW/xDqWk=" Size="30114"/><Block Hash="cW8ggl37KC3EvANuGN2qkNwF2c7RA/pRVF9FRgiZC1c=" Size="34006"/><Block Hash="fUNx/gBcEHDmxP/0/XW30OpdjFsYc2JRU+mTUZHd0qU=" Size="29192"/><Block Hash="u7Rjxbdpu0QQ2h/wLNAypp/fIiV0VZSjmV+hCM7T9Ek=" Size="30285"/><Block Hash="Oe86OC5VVPG7xg33cVveDTcrR5sWYHGViXxv0eCNuPY=" Size="32926"/><Block Hash="fTRiZztmwiaZnH47C36lyO/51WG5uQuiPM6fc/TWpt0=" Size="29799"/><Block Hash="HNUtOdNJ8vlKD7Nnav9Mu6GIdxYgvpCiBdKxye4044Q=" Size="26458"/><Block Hash="rp8W/gjc9ooUpk7/5XwWmRcyaAeJ3j5qpUJn644Y0rU=" Size="31232"/><Block Hash="17AzPM1PX59Rvc3VM2v6YpxqudDr/P45CfPBMltArCo=" Size="31587"/><Block Hash="GjqZb5d09VBGlaYxnelI4UXtintIladzcSxSGtqbNuI=" Size="18407"/><Block Hash="dT0ngmCgcBbqbPvWqDQEoIXR5yT4wxswmKWt32Arl84=" Size="11566"/><Block Hash="5hNzvtR5n/a+zXScUtGV800Gr//COZAtm7qDKa6Qo/s=" Size="12123"/><Block Hash="elDfO8lElB9WzyBJnc3eghkbHrpLVbGarjDDLARa/Zo=" Size="11888"/><Block Hash="K6i3cUdhwDb2E92zIoYFXqoWWSI9BEo9k96hVwcuN+0=" Size="12610"/><Block Hash="DZj71BKESpaEeDZfQd0SeQaY22oNurSlyDoPz0RqUfQ=" Size="14006"/><Block Hash="z95u3BhzfjIJt+ZPrZCMtZARJ8a9TZfnwljmTwmQaM8=" Size="26387"/><Block Hash="FAFCA8xmd5mBwZ5ycUORJiWzVzzwKfV9WeWq+GUVjLg=" Size="32728"/><Block Hash="C8sgnpW9vbpCSNiqYRz2B/t4RQ1em79yKsMMkuuc1Is=" Size="25774"/><Block Hash="8IUxP5feomHo1oFWzEmM+/Z7uNM2/2gev7xS5vWPauE=" Size="16484"/><Block Hash="Xp2k1UTffh//CajFIE5M4aDN9QmwM2IxctfQln8xn4w=" Size="22847"/><Block Hash="xCkx3TxMnTbo2jpkCJsWY/5AGG2DgGxnHO6hyLHRgec=" Size="28180"/><Block Hash="gjdDhhFVtwQQHIQkNqruIpPELNBKygbF13r8OuAzOgE=" Size="35285"/><Block Hash="sXU+Ua0x3yA33Jcq8OpSpaxLm17JXopRYZhhVG7O5R8=" Size="33196"/><Block Hash="+mO27V0aTce0ZKXydeTbO46KZ0pgB46p3iyrwzWUfTo=" Size="23354"/><Block Hash="WAEJ+c6/ySn14naKhB9csA3hIrSUxYBL9m86Ek7MzCE=" Size="25576"/><Block Hash="xD73Y1vAA9AXBRS3fvSf5wUEL0lcQguRbHyvF8etmVU=" Size="18705"/><Block Hash="imvsVK/JzO+FlYt8W94BLGASIUAGvNJvL9Jbwy3yPws=" Size="20000"/><Block Hash="bme8pf33FAtC3auyrQ1Jvy3AtflBsDtC9LCd0wQzUzg=" Size="20314"/><Block Hash="XJRCjFFFLro9LjJaejrZlFW9mJ8lx0O2oRyq3ks3u3I=" Size="19011"/><Block Hash="vl4DFgCkU6xjnb9CWOzlMhNhfxQD+txvOQWyS+khM74=" Size="29988"/><Block Hash="JfRZnYwfja3CcVfhy3nII8x7sEx1rl0I9jb2A1zj628=" Size="29349"/><Block Hash="vXMrP6wzZjfotZfyzNNWRVJRJ3r3GH+2ffZwU9V8ODA=" Size="35144"/><Block Hash="PNwsycU6XU6plDtt1FybBZxE5U/wQMV1rrWZ4+lbp64=" Size="32879"/><Block Hash="mlzXPUn/VdRLWZt2j4oPJ2MrxJQYuTwzBLFKKCPBvvA=" Size="30195"/><Block Hash="VwhSnAW9z0svY1KYP2vTyolpnf9XIHU/G1K/A2CF+Hg=" Size="33828"/><Block Hash="pZufY9/AWsAcb/7LiJBrgmXE63nZ498EZeE2rYR/1H0=" Size="31383"/><Block Hash="moQw4JFLd9HJ/nebEJLSCHJOySphpaLx20nuai+b0ls=" Size="30462"/><Block Hash="2ZC34d12QdB9mZH1fUBFMwOXoNeQkpWybCR/VyGy67s=" Size="33944"/><Block Hash="iU9rT5fa8KfqM2eDeQLFQCIIVcz2Nt3jtBMvTBkEITw=" Size="32670"/><Block Hash="IQfBJe6M6UKihKrcUZuIMLZU4OGtE9BoYnljfbdEl/4=" Size="31596"/><Block Hash="xnknJup+yAiyuthHlMNUkC9C/uor9jZVEdU+v1f+T0M=" Size="30436"/><Block Hash="JDi4UR5owLcOweO2A7x5wOJO/uH/BIKbfjWLiHRVAXU=" Size="29121"/><Block Hash="+6zqArrQvaer6yiyZUN58xWHzNzHNpzCXmoTL1oqdXk=" Size="30527"/><Block Hash="HgSxJepX6tXsLFrfaNO6N+ZNdnC7sT2mKpZV/9f5c/M=" Size="32324"/><Block Hash="+rsYuVkgfT68F/eqalyus9iMRx0eMy+bBaX7wznxpIY=" Size="31607"/><Block Hash="NfNVK9z4CEOGaBEHmgn8hgeXrgZGie+F/gpvcjQQLfQ=" Size="21550"/><Block Hash="LZco1yTAEld3zC76S4WzOpjG2STDuoDS14trNeMiCz0=" Size="26639"/><Block Hash="ykxmeMdA+Sl+nCJW3PwTMraJQcHA847hIrgU7cy9iV8=" Size="33616"/><Block Hash="hQ25d8yxO6MgoMHcK/1pz3lN1y2M/zBGtJDXTp+I4t8=" Size="32592"/><Block Hash="UI8CO54Ykkuw6yEiPP5esHhH0llx1E7Gh58yUNrhTPY=" Size="36455"/><Block Hash="wpPQZ9LLLNmSVuys0nhLouECkMfPCK9PzFyeDoNoHAk=" Size="38225"/><Block Hash="jSxz3rBZ9SAsTnqjm/YNUYH1spqH6wbcRFt0Z7DOlCo=" Size="35353"/><Block Hash="/umu1vVvT9eY4MT6iY2xx+4Fl8vyf5hhcwllJAzwX7Y=" Size="23741"/><Block Hash="ou0B/8jwOfRX+Glf+AGqJ+jd5KYMS1Cw5YacZvsjzUs=" Size="30010"/><Block Hash="w8YFfD+RuFoR8a1nF/aQRXHmTuV480jp2uIShyx0F18=" Size="14712"/><Block Hash="/7z1B3B7IuRnY9fbwRoiTjbLQxOCFCnOejmCyzbkIpU=" Size="14384"/><Block Hash="Rzw7QuHEtRRGbZR7YXm2boNmEfUJLPqiAJvq9+3J8kk=" Size="12215"/><Block Hash="a4CgjI2s+RdT0UmyMvBxPHwwFDKzG/nHYjAFqWplA9s=" Size="21264"/><Block Hash="Odhdt/d02NkhO94bfc/IWe3Z1/fHVCVMk30On0xjoHg=" Size="22550"/><Block Hash="ZOwSYQOHmCrbpyJvCKsdH0EJrQ7BSJn+ZFHZOPVFu7g=" Size="21080"/><Block Hash="Izq5JA35rJ0OnaPmuCVlNbJTkR2hZE26pDygN7zC6N8=" Size="19341"/><Block Hash="idGdRMiw/WaNrOdTCD/XF1MvNQPAru5gA3+MsI3lJy0=" Size="19612"/><Block Hash="pkqRbtrhD0c0B7f+LtG/wP76Lqi8S/yVS7lYzDtILkY=" Size="20994"/><Block Hash="eaTlUEIxlFtbN4FeenfDyTciA/ZiKZo27QVuMmnaOsc=" Size="34927"/><Block Hash="84zu++fuUIJPK/7H/++1W6ocYGH9i2niF+VZtRbq7Es=" Size="23582"/><Block Hash="hcpGyLXhiO6XPF/ORMQzMJHng5NVRICs54Vx43kJj00=" Size="20165"/><Block Hash="6qupC3cEOqEwdVotq3aJ0nPv1Q/3fTL2MFXzAxM1JKU=" Size="26295"/><Block Hash="B+d85U7pSy/pdiOO6YUCivUtfAbBS9q9H8uKHabk8p8=" Size="26580"/><Block Hash="S8TpYf8gfF8+g7AabYvrwB42n46KAJX/KHwHpeq2dQo=" Size="11264"/><Block Hash="6P5FXc9NMYtnY1oTNfr3mCXfdFCuFVlUCwgQwkMgvYY=" Size="11513"/><Block Hash="KVqUzvGdVgr2/AnBcSti729tykKjquZMTupUUK30t+Q=" Size="21126"/><Block Hash="cj22tciZ9EyF+HY05rBY6E5QCLP3q2qjg/b2CiJSbpU=" Size="35657"/><Block Hash="mzD9pL4yABlMSeCMW/3++A0PhUc5baCrmk3bra8RRzE=" Size="39118"/><Block Hash="h6XoONXbdVVQpPnAoVOGmlSsC05jhiMNyHR0Q49sjUw=" Size="39097"/><Block Hash="aZ0dfNJ7KZf4HccBpD2knZ95vH1TJ3PrPeOFH+seaZw=" Size="30465"/><Block Hash="CL708D7Zp6z4iPke8xajBbM1k7S2iiD+t8S1/ENsUp4=" Size="16034"/><Block Hash="IzpwdfnVND50bf1+vV0nOFN40WFoZSrtTcNyCbajsDA=" Size="6422"/><Block Hash="4YPGMy73UEJLKn54y9saVuq4WvYdjwCi9Wqc+7EuDX4=" Size="22318"/><Block Hash="qek0oqUBV9pKs58IAcDj61XWUeR4SPtFvp7hnye+Q6s=" Size="20761"/><Block Hash="kkSOLxjeIH0JIs9B1mxnSMQ20X0Jl4h6BEXvFfgl444=" Size="25403"/><Block Hash="KOBy0ha2YUFR0e2boPo42af/HZGnCISns2hP/cxGdws=" Size="64008"/><Block Hash="qMyQKBjfIokKPlUHvF1aL6O8OThuTYCYnvVzAxZCv7g=" Size="59331"/><Block Hash="xagwRz8llbobRq9z/YBbQ4P20PmK/3kzB9XI4g13CIo=" Size="25528"/><Block Hash="yFqzf4ttqlghavtv8C1nTqJZ7Ooc4zjEPr9N8apkR5w=" Size="16973"/><Block Hash="Q9cnVHBK4i/Y1z4PoLXH5WbAc+5Cs6eS4Y8xoWQs6Ws=" Size="16175"/><Block Hash="QAoq/LpIFHoInMNt/RFKyWXopV9vsK0Shm4EUSK3T6s=" Size="5002"/><Block Hash="SQ1waLHgVLzdzBG3cVpI3GuWTrh9a4qGKZ34B8WJwlQ=" Size="7933"/><Block Hash="EAK+yMl9N27sdO0cccsGZ1vN9bLrCpBGqMh6f57XnTw=" Size="18556"/><Block Hash="WF3w344dzzWaAtPN8XojcJ41pFxoizAcQAKV/6vrRQ4=" Size="18983"/><Block Hash="ViREB4v81LRZKaWFO6k3SOsq1UH19pR6RfdgLHmmZpM=" Size="22210"/><Block Hash="ZgevFbR5Xr/MgH5zfejciSDHLAdBlw+jWlwvq7HjWBY=" Size="19816"/><Block Hash="RLfVdC4ljjokzDXJMeQsDn55aepkR7T4hdsU6cUAYBg=" Size="17385"/><Block Hash="zRzH7xF4SvKb0H5aTnteJZRhCcEfnL6RY4RBr2J9Kvs=" Size="11647"/><Block Hash="XWs67ciqSZx7wfb8o/XeIvAFN12TcqMWRrJ/EdXXZI0=" Size="18106"/><Block Hash="7oDXjPPr22QYWy1pGVRgDap9WbaHa/L/+F4zcuDW0lg=" Size="18349"/><Block Hash="1xsxsj7mu2TADEUsvou45G1LW1viF6R8Xt0BV1aQwIU=" Size="27008"/><Block Hash="kb+fPv+w7GESgELceWDmh7LULV3V6TImLnxWawsNzKg=" Size="26890"/><Block Hash="A+b0HA9ljx4VH+WqXpVtf1A8M44Wjl5iSRUCgEpPU5A=" Size="27252"/><Block Hash="0U3vnO7kzV8XBsFTC7DJ903tzYWFo+Dpx8uxi7KE+WU=" Size="15276"/><Block Hash="gwAhmVS3ADAJrUwcZPiqBS2l8SuwTItyRHKJabk2OZw=" Size="6254"/><Block Hash="gcs/OafHkTX5HMwtRTZPEZ9JknW21OqAw3SNImpmS6c=" Size="7731"/><Block Hash="xc1+INkMpktF7jVlWBxVOhrK3p7zP0j6E3LUFkCiUFg=" Size="5940"/><Block Hash="Ut6R6QGFdBDyQygVaTZkv05+Mvxm1thAdQz5kUkOJmw=" Size="4811"/><Block Hash="+5EY48xXRWfcqnAn8Zs1m+AnMzde7TOq8oUrWeUITpo=" Size="4902"/><Block Hash="+JgDI1BfFkGyngIbTFunzJHQsvR1RIDRjzpWqhAB58k=" Size="29000"/><Block Hash="7hbUxEmr1VSIMrkWjT0i6hmLzJztTJVOpZsdpIifql4=" Size="32350"/><Block Hash="AlI/bxvZ7bFgFLYu9oiEduBM2IZqNUqC0Xi8K9MYBgk=" Size="31830"/><Block Hash="jXrWqG1O1uWKvnER2sB/tmZa3RoBiUROr/M54i8RkpE=" Size="32104"/><Block Hash="wMCd/PuryhMeE5uT0pujPK8c0+Efv/CBe/Z+vYcwmWo=" Size="32037"/><Block Hash="fesY21DZ8TshA/mAJgWwsIab25ZI9nvvNDoLt8hJ0ME=" Size="29192"/><Block Hash="c6TTWlcZS0BcpihDp7Scl5veEfAM0pIVbEKMC2uZ4FQ=" Size="30730"/><Block Hash="G3Xyq7gPi5ws003yO9F0Ci+ors0cytyLH0S1qo1UUyk=" Size="19202"/><Block Hash="u1Y3EozjwO+JGStu1bgo5cIKHoRhxRZIQA4Yo93GwoU=" Size="7215"/><Block Hash="rPzv4cLWmv64bAbUOMape06N11wbgu+WdOZNhKZxPB4=" Size="5992"/></File><File Name="data\flutter_assets\assets\sounds\README.md" Size="228" LfhSize="73"><Block Hash="xAKGgtcQqsjDznII1ggC1NSpUse4oxIPoUvcLn6frCg=" Size="164"/></File><File Name="data\flutter_assets\packages\cupertino_icons\assets\CupertinoIcons.ttf" Size="257628" LfhSize="100"><Block Hash="lNrtH9Tvcw1llxGtrPLZeO2Wa8bqY0pUdIWVmY13X2A=" Size="32014"/><Block Hash="1EtluN+7ktT6U7WAYpg3gQw4WXDYwc3f33aMJTNogts=" Size="32692"/><Block Hash="7ARLq0XQZKxv/4tdDMN8sHcLu1Ha27k3Jfhjmy1qwj4=" Size="31779"/><Block Hash="D+h54HWw/IbIqjtplKN+iQoXdng4JG7y1gXIpMLmKDI=" Size="21554"/></File><File Name="data\flutter_assets\.env" Size="1221" LfhSize="54"><Block Hash="nNFjUFNCHJA74q3C6O0rjd8gdgPVzQu7QJPvwXZwiUo=" Size="616"/></File><File Name="vcruntime140_1.dll" Size="49640" LfhSize="48"><Block Hash="fdmqAuJxxoym1fGNZR0joV1yWXFa9DMmV4993ifzdjc=" Size="26366"/></File><File Name="vcruntime140.dll" Size="119888" LfhSize="46"><Block Hash="M15XUQQepsBcgSWG2E8+VMbQ2nvTuvcELllCNPqSioc=" Size="35448"/><Block Hash="whJFlITNI44gM95SQkJxnppgbZc87G5DJwVgz+uqdqk=" Size="23255"/></File><File Name="msvcp140.dll" Size="575056" LfhSize="42"><Block Hash="gHzI1JACjEmBCyU8eMvBAbwx/y5iWdDasUarIpWLNpY=" Size="30532"/><Block Hash="6YGeJAKwRW2j71Rf3LGkG1nTd3wCnt3ge6tNif8ngyA=" Size="24329"/><Block Hash="+Xs1Vldx+onbVCK0CI9nuKDpPkiRG6mpUKGHpKj2Gro=" Size="24253"/><Block Hash="vKmIIazO6TkaBdQGfL+nDu5pMRkaCTHyeChEZtCOoT0=" Size="23783"/><Block Hash="OzzFqsdUiTwEhirtUMwvxHWy5Dzi9pbwcGz4pVc033U=" Size="16847"/><Block Hash="eIzOuo0hI6Ljvq6TSv7JPQ5M24locw0ldY3GMe8A2Kg=" Size="24857"/><Block Hash="VlAd0fnd+eoIE/e4+ynSP7Updt2zZe0CWCwbf51nVeo=" Size="16950"/><Block Hash="HgMDdm9qLsAJz7l7010+PYs54TErFkSsMRvXrypSsB8=" Size="6650"/><Block Hash="HhGMVsyC1t8iJC5a1s+0izCaYlIBv1QnZ2hC+vLp3XU=" Size="22608"/></File><File Name="Images\Wide310x150Logo.scale-400.png" Size="13712" LfhSize="66"><Block Hash="bx/r2VEVnaHYXTq34UF25OHwrBmu0HNUOPzjDxBroA4="/></File><File Name="Images\Wide310x150Logo.scale-200.png" Size="3174" LfhSize="66"><Block Hash="sUcjqtwqpQIGj+DUWRruuF+ps5vYD4/bmPCEU/Mr6Eo="/></File><File Name="Images\Wide310x150Logo.scale-150.png" Size="2804" LfhSize="66"><Block Hash="c/LrHcBnbmnEMdg2+d3j81QmGSkWSEvWH15p/gnrg/M="/></File><File Name="Images\Wide310x150Logo.scale-125.png" Size="2802" LfhSize="66"><Block Hash="p5eiBibXHNLUEsqaQB0IPrSoNyFlM7UjZKhDWCBTwPg="/></File><File Name="Images\Wide310x150Logo.scale-100.png" Size="1776" LfhSize="66"><Block Hash="mEelUThHoPZrAU+XRRpYJ0ud/P6kjDGVdZdsdeNedec="/></File><File Name="Images\StoreLogo.scale-400.png" Size="2733" LfhSize="60"><Block Hash="40uMjpOzvKP7LjIVtzWiL/aRnZbrayH2LIsVDZwzRdU="/></File><File Name="Images\StoreLogo.scale-200.png" Size="1782" LfhSize="60"><Block Hash="WEKO/69qIdcz/NT/suH+tg/2Ek4e0y+IqXb9YDxgZyw="/></File><File Name="Images\StoreLogo.scale-150.png" Size="1875" LfhSize="60"><Block Hash="cGArYnJqCcyCJdyIeMLdOKg+aUz8qaNSoKm7JcedPtI="/></File><File Name="Images\StoreLogo.scale-125.png" Size="2053" LfhSize="60"><Block Hash="tpIxD4LhZkSTgkko5IiJov7OMe2GTLv50GOZZb3voCw="/></File><File Name="Images\StoreLogo.scale-100.png" Size="1196" LfhSize="60"><Block Hash="r5EoSLOMRYnBvqG600pHIjsJAhGVC3heRQKvl4rdgFQ="/></File><File Name="Images\StoreLogo.backup.png" Size="1523" LfhSize="57"><Block Hash="Myx30OvSsnTRPdTK6fc/9d4xlihPU1RG9WJ0F6WTY/o="/></File><File Name="Images\Square44x44Logo.targetsize-32.png" Size="850" LfhSize="70"><Block Hash="BMi4gre2rBv3XbA16zBRgfd8HyZ8cpAlEbha7cOf+uY="/></File><File Name="Images\Square44x44Logo.targetsize-48.png" Size="1443" LfhSize="70"><Block Hash="Dq9DHftP0aEdz7eWLVngI/8p/DiQnaCDEEF8K6G5bdw="/></File><File Name="Images\Square44x44Logo.targetsize-24_altform-unplated.png" Size="819" LfhSize="87"><Block Hash="GdmQL49g/82vE+Z+pa4HP0Siyb6giyKrmeJQk3yyKqw="/></File><File Name="Images\Square44x44Logo.targetsize-256.png" Size="9621" LfhSize="71"><Block Hash="+EohdiWD5iLOukCJOTEwzkPvuqr77EvXhercVt+CKQY="/></File><File Name="Images\Square44x44Logo.targetsize-24.png" Size="730" LfhSize="70"><Block Hash="aRoLG8wMKpRxWQb16pUX6NmsMEH/Nr3YL+m07HfsAgc="/></File><File Name="Images\Square44x44Logo.targetsize-16.png" Size="480" LfhSize="70"><Block Hash="3rjDlFlP/hjrdSJgS0IzCmab7jgn8D2BVkYjkWlLi70="/></File><File Name="Images\Square44x44Logo.scale-400.png" Size="5292" LfhSize="66"><Block Hash="T4pcoRyg5vZbrw2+pWiJ/cCbOhZ1huq7tlyHXQb3fYA="/></File><File Name="Images\Square44x44Logo.scale-200.png" Size="2429" LfhSize="66"><Block Hash="+6J5etawpxFBzGj8Mpl5RF/5XYrp6WJ9J+zcnpom5vQ="/></File><File Name="Images\Square44x44Logo.scale-150.png" Size="1289" LfhSize="66"><Block Hash="meptbXzhKL9l5Wwe8ZzaEYPjGvsOKryS9a/KbvRxeoo="/></File><File Name="Images\Square44x44Logo.scale-125.png" Size="1360" LfhSize="66"><Block Hash="aDJlpB5aElWk5mockVp37nnu0iqpkNkQk/5KaieCCQQ="/></File><File Name="Images\Square44x44Logo.scale-100.png" Size="1197" LfhSize="66"><Block Hash="LjfudflVuKRH5cRCH+Tkz3hgn1SU2E003dmYN+HmSTs="/></File><File Name="Images\Square44x44Logo.altform-unplated_targetsize-48.png" Size="1523" LfhSize="87"><Block Hash="Myx30OvSsnTRPdTK6fc/9d4xlihPU1RG9WJ0F6WTY/o="/></File><File Name="Images\Square44x44Logo.altform-unplated_targetsize-32.png" Size="1137" LfhSize="87"><Block Hash="hCdWS8I707c6LJbuGAtviJ95yP7DiFh9SfVgE80+M3U="/></File><File Name="Images\Square44x44Logo.altform-unplated_targetsize-256.png" Size="14603" LfhSize="88"><Block Hash="gor02E0OpiGkDW8OupuW4xynW7mgxE+2IiIL46TxeQk="/></File><File Name="Images\Square44x44Logo.altform-unplated_targetsize-16.png" Size="612" LfhSize="87"><Block Hash="ZT+Phk9HaqXkZ6/nCWZYpkBciZcTs62yn/eFRB1wCpg="/></File><File Name="Images\Square44x44Logo.altform-lightunplated_targetsize-32.png" Size="1137" LfhSize="92"><Block Hash="hCdWS8I707c6LJbuGAtviJ95yP7DiFh9SfVgE80+M3U="/></File><File Name="Images\Square44x44Logo.altform-lightunplated_targetsize-48.png" Size="1523" LfhSize="92"><Block Hash="Myx30OvSsnTRPdTK6fc/9d4xlihPU1RG9WJ0F6WTY/o="/></File><File Name="Images\Square44x44Logo.altform-lightunplated_targetsize-256.png" Size="14603" LfhSize="93"><Block Hash="gor02E0OpiGkDW8OupuW4xynW7mgxE+2IiIL46TxeQk="/></File><File Name="Images\Square44x44Logo.altform-lightunplated_targetsize-24.png" Size="819" LfhSize="92"><Block Hash="GdmQL49g/82vE+Z+pa4HP0Siyb6giyKrmeJQk3yyKqw="/></File><File Name="Images\Square150x150Logo.scale-200.png" Size="2748" LfhSize="68"><Block Hash="bAGl37c+eAgQabre4y2uPdCiERnpOnHJbp5K8f6ed8w="/></File><File Name="Images\Square150x150Logo.scale-400.png" Size="11966" LfhSize="68"><Block Hash="jvIM30TyBglTxfPHxGPflmWB7xVBdW0N4erNnnQBmTM="/></File><File Name="Images\Square44x44Logo.altform-lightunplated_targetsize-16.png" Size="612" LfhSize="92"><Block Hash="ZT+Phk9HaqXkZ6/nCWZYpkBciZcTs62yn/eFRB1wCpg="/></File><File Name="Images\Square150x150Logo.scale-150.png" Size="2536" LfhSize="68"><Block Hash="m69qSXJ1zoKKi/DTbI04ll3OuzK17eWk0oVlsCFJf7U="/></File><File Name="Images\Square150x150Logo.scale-125.png" Size="2608" LfhSize="68"><Block Hash="PTIECDlw6Ma7kzk/GhesItcBf7Dar1lEePwLgrP+sf4="/></File><File Name="Images\Square150x150Logo.scale-100.png" Size="1609" LfhSize="68"><Block Hash="WUrXv74LbW+2inBpq1t9ndWWtLYaun+kMSlG4ndVOi0="/></File><File Name="Images\SplashScreen.scale-400.png" Size="46322" LfhSize="63"><Block Hash="CoGRGUqrJpwNk7Qeypbw+RjPnzEsYn6DbEf/ycDwWB8="/></File><File Name="Images\SplashScreen.scale-200.png" Size="13712" LfhSize="63"><Block Hash="bx/r2VEVnaHYXTq34UF25OHwrBmu0HNUOPzjDxBroA4="/></File><File Name="Images\SplashScreen.scale-125.png" Size="7413" LfhSize="63"><Block Hash="GJXx0ebl0f7X1TYlh0zRYEm7eUhl/2ZDE49Mue0sLdg="/></File><File Name="Images\SplashScreen.scale-150.png" Size="9796" LfhSize="63"><Block Hash="JybMItYxVC/MUPsufo47OqqyKuFx3xYgPh0JKm+YzMY="/></File><File Name="Images\SmallTile.scale-400.png" Size="7288" LfhSize="60"><Block Hash="5jk+DpKhoT73RiILLj9N4b5hVGeSj7FM2jG9nOO79vY="/></File><File Name="Images\SplashScreen.scale-100.png" Size="3174" LfhSize="63"><Block Hash="sUcjqtwqpQIGj+DUWRruuF+ps5vYD4/bmPCEU/Mr6Eo="/></File><File Name="Images\SmallTile.scale-200.png" Size="2296" LfhSize="60"><Block Hash="xsAoUZIt13uuZL44HNygmJ+chbxVmpe3Fwtu0fpRYxs="/></File><File Name="Images\SmallTile.scale-125.png" Size="1710" LfhSize="60"><Block Hash="uV68RYbABWM5gskiHaWU1wHvt/I/Lr4XBjbnDnfLjPA="/></File><File Name="Images\SmallTile.scale-150.png" Size="2062" LfhSize="60"><Block Hash="Qirz2rAj88ap54p/xMFVMVJrJh94cg4qcGl/7QtglLA="/></File><File Name="Images\SmallTile.scale-100.png" Size="1369" LfhSize="60"><Block Hash="MuD9GOnTKKRiTVwtxptpI1Fhi7IHcz4ZXV/W/WIdEP8="/></File><File Name="Images\LockScreenLogo.scale-200.png" Size="1523" LfhSize="65"><Block Hash="Myx30OvSsnTRPdTK6fc/9d4xlihPU1RG9WJ0F6WTY/o="/></File><File Name="Images\LargeTile.scale-400.png" Size="41474" LfhSize="60"><Block Hash="2KWusN1fRe/uqG/LK75BBp+z2qvCYninOwCmYeaZk6U="/></File><File Name="Images\LargeTile.scale-200.png" Size="13475" LfhSize="60"><Block Hash="MCiIm9m7vuhpeag3f21ncrGFwI0B3VHmPIXZR+ggBiM="/></File><File Name="Images\LargeTile.scale-125.png" Size="6998" LfhSize="60"><Block Hash="bYWgmk1GdBhTQu4jBBs4gcm7TdTjPw+lHjS+6dbfICQ="/></File><File Name="Images\LargeTile.scale-150.png" Size="9286" LfhSize="60"><Block Hash="KuvTZGEVw89Ci/EJZY3W/FBUDJBXLMW0/KgDlvoj3BM="/></File><File Name="Images\LargeTile.scale-100.png" Size="4486" LfhSize="60"><Block Hash="pC8YZICFzaQAWo7Ok0EF5yyVUEWD+TZti8ZlVfuDrPQ="/></File><File Name="Images\BadgeLogo.scale-200.png" Size="1782" LfhSize="60"><Block Hash="WEKO/69qIdcz/NT/suH+tg/2Ek4e0y+IqXb9YDxgZyw="/></File><File Name="Images\BadgeLogo.scale-400.png" Size="2733" LfhSize="60"><Block Hash="40uMjpOzvKP7LjIVtzWiL/aRnZbrayH2LIsVDZwzRdU="/></File><File Name="Images\BadgeLogo.scale-150.png" Size="1875" LfhSize="60"><Block Hash="cGArYnJqCcyCJdyIeMLdOKg+aUz8qaNSoKm7JcedPtI="/></File><File Name="Images\BadgeLogo.scale-100.png" Size="1196" LfhSize="60"><Block Hash="r5EoSLOMRYnBvqG600pHIjsJAhGVC3heRQKvl4rdgFQ="/></File><File Name="Images\BadgeLogo.scale-125.png" Size="2053" LfhSize="60"><Block Hash="tpIxD4LhZkSTgkko5IiJov7OMe2GTLv50GOZZb3voCw="/></File><File Name="data\app.so" Size="8897440" LfhSize="41"><Block Hash="2G98aMKrYHp4bzYFTFcZI1nzcWhnB43ypLUfMObQx+I=" Size="21951"/><Block Hash="13BO/v5ptMxWogSnC+p0EIYCdBt3LaBtlOxYWHCLAPw=" Size="45073"/><Block Hash="9TzmUdCP1pJZnbtBOORM8+yq7Tq1/FTDhaDx5D9dPiw=" Size="24508"/><Block Hash="HACzLBlVXsiOIF3B56aQWpv7ScxHg85kljdgJDhouqI=" Size="40037"/><Block Hash="E9JcwuQGPV5rfeDZo0+CXpHhVMy96U/UMqqszvlYRiU=" Size="28442"/><Block Hash="GVm9VvYPQak8552xwsqlzx8UgPWyVxy7K15ArgMzHSE=" Size="29202"/><Block Hash="AE0vC6AUQrg60tLYWoA8p/hFWGMKL7lmRQ+YWhznMK0=" Size="28670"/><Block Hash="ZWTJ+AcpLJoMtRiVTn11jB94rqZzZM4GyuxJXAcoQkY=" Size="31997"/><Block Hash="LEPqXbRs6nJTwCe/pw3BDgA/QzFJZaOTbgHtQyLy0i0=" Size="30597"/><Block Hash="M0jf3IFWvgABGdWhx8b/XgJxi+jPmIyUo5hAzX3MMaM=" Size="32011"/><Block Hash="eF503zuHQnJWA8TbCPIWwsEjrAXtqMS/N+M8Bz1r5j8=" Size="30548"/><Block Hash="vQxlcJLdB3O90JQQrBa5RkJM4J7rfMQ/k1M7B7F0KlI=" Size="32580"/><Block Hash="8KGoF7uzpQfLv0wqWGSHBHCnm3UFDVLFpxMTvzTSrg0=" Size="35207"/><Block Hash="jXXWsHnn5VkG8PyoboE0dvX3zN0JYOkQD+UhSJX/vwg=" Size="27351"/><Block Hash="lf98F0Z0bOiFICwQxWoP0wY3VDKhTmukVYNeH4lMLTI=" Size="27106"/><Block Hash="A0TieAbf3Wa8apAt/RAuD2pmU7pk8VLbArykyNBWYJk=" Size="26215"/><Block Hash="+VpY+Egzi+QHNjbO/kzZVi5NGc4Bo5Tesn18ckT1/ZY=" Size="33286"/><Block Hash="tQqrX1XBhZsRy1oZ6acHcAHd9KbB6d9Xnu3JIitaoWo=" Size="42601"/><Block Hash="QpQJKSyQQY3GtF0fVt62QiKKjF+LHNfjwb+a4ZepTz0=" Size="38304"/><Block Hash="g6vhUV0asoHBf+1+loqtdFZJfe0Iq9LpKGa5aIhf2C0=" Size="36279"/><Block Hash="MbkuX2hEE+a52MkHL5v1xFGI4Rf2v+7zu3Q8R0FkJ1o=" Size="38242"/><Block Hash="NGeA8RHtM14lcqdTYh9pnEkKC3y/tsDENrw4PnQyIzE=" Size="33996"/><Block Hash="uw+EfldicsxXqfgchWLGTz8gczIiNsUIkHieSYFcI8w=" Size="39600"/><Block Hash="1Q0yCcok2jqD/+QNx1mEN/nrIc/LklSV0tKEmKA/FXA=" Size="50358"/><Block Hash="U/usxYrzNAjvItYg0CHPDiuEQY1j35yMhVyw0Hqb9dc=" Size="50565"/><Block Hash="i7wMlSC6CUauo7Ud1utg3T2WO6Ii3V5nUwT08Y2TMZ8=" Size="33775"/><Block Hash="1bQw92+hIm4nG5YFt0CR9hqEeSHOnetxZhgSTyMGSbA=" Size="46303"/><Block Hash="aSDQiAY4GA77t21Q3I3cxt63HrnpHQUdBfwqcBDrbQw=" Size="44361"/><Block Hash="HeJLlCXGBRvt6HZSQprDBjeuyFI3SbPuImnwmqWXtJs=" Size="36937"/><Block Hash="3Ys4TAiaW4C7ObH3ddSahrrzLTM7OzraWboJTkZMe5I=" Size="27632"/><Block Hash="14FUr4R9Z2SA3LFMOE+rCD8RNUZ72ZUE/vkgTgBHw9I=" Size="27973"/><Block Hash="Z1KqODKSyQxqc4VjO+o3HKvw6U0thIwT+TO8Xo8m62w=" Size="27646"/><Block Hash="XB7lgJCWbVIGgVAJ+cocozq8ZbAAEVpWQjjz+XMf4so=" Size="25763"/><Block Hash="6Ij5X8hLNHYv1VzsqSR1y4NG+eW0T1ZiYD3P64MV3I8=" Size="27798"/><Block Hash="PnwEjxBO5o1uVPaAIjhZbmHP9V/FEG3SF94IlL1A89U=" Size="27765"/><Block Hash="+eSeDKoMq0co25pziL0GQ8r5i5dTQCR8QBlLmcF5b9g=" Size="27504"/><Block Hash="GUfHhe1u9YUY5FSCw73rLhtWrh22KFfwGufSdpJ7pAE=" Size="27438"/><Block Hash="sf6Q1BbOPL55Zfwgbc69IStNc3bRVb/IBE08wB2KdX8=" Size="27955"/><Block Hash="ma7rY2sAwh0NOpa5wpX6i099bfKhrZUYeWCziVHg/gY=" Size="25875"/><Block Hash="ckZYq/84riGa07qOtRM8Z7lhni7wdHhHrmmJ04w6TjA=" Size="27567"/><Block Hash="O/Hk91GJgqnHncnqYfy0VUP7y4M0mVohAzBFKxKimoc=" Size="27959"/><Block Hash="UXLcH8eUB8MtFm658+mSY89CATk/tjTV/Ll06FZPQw0=" Size="27868"/><Block Hash="AHN8JISNQTP+rxM9qbFT2hV/XK138NGBTYp91rllspU=" Size="27950"/><Block Hash="ggsf7sf4T/thyDAav9mYG9xLmYQ1iddOKL3sKIy5yvc=" Size="27888"/><Block Hash="75farnUpbjbAa36z5Y1PiMQZvTnxtbw/PMX84FpFNpI=" Size="27732"/><Block Hash="RKN4etfshCtiD4AKr8EY4QpYVR65e08NuuzpK7M8TQE=" Size="27977"/><Block Hash="My5izmLjTuJe3/h0T/0H1a/qnnpQlu+wrPhE+/XFojA=" Size="27039"/><Block Hash="J35xWlWfYNAuEYJGjgvdhlnUf180MPrJWSjPsIu+j6E=" Size="25509"/><Block Hash="+/LVlcwpyWFMfde5jjtJN7TcxoOJpzWbv/Zu6pSb56s=" Size="24805"/><Block Hash="Isz6soteDYGXAlqqMZJjIVIGgLm/iQAZrNAd1/DYmrw=" Size="27237"/><Block Hash="UuGISjiz98Pvv2bSjXTELwJAXV0KIrbQJjwKzsqsfC0=" Size="23823"/><Block Hash="lZyBO8n1G74KmK1tU4Z7zSxTqVn3PvgYsMy/0iU0BIY=" Size="25590"/><Block Hash="o8yILgHZLnmnfOwX3J6BJbGIMY7SjfdmLVtjzxR0mNg=" Size="28106"/><Block Hash="QhTSXyZOJ94w84L4XUBLc4kA2iai1yqlUABZxbIc7MA=" Size="22810"/><Block Hash="8UDQhLnsE0vsN6H342I04p+uaQgePJ/RnCCTEpAfkZg=" Size="20386"/><Block Hash="FHU4w87Nh3RrfYTRFInt1svkVqiL8KHPcs9sP5zgM/A=" Size="23295"/><Block Hash="9uOpsejYjfGhiU6ERqW6Iw9LcDrSi4WkfWKmve+eeRM=" Size="24676"/><Block Hash="9MNmt9YxUiybTxeDsChVxWWtEUZ3/jfW3Ei9OuCyXCw=" Size="26441"/><Block Hash="sTQLzH960m2iY4G0UiSThifmklFHtIMpUxdfQeFlVGI=" Size="22274"/><Block Hash="UNpzDT+ATd81FmwJuOQ7kRHA6RKLOyy1adZmXxCneog=" Size="26974"/><Block Hash="x9fsGnrwHt9cnvU4+YMDYihJ1qkc6y4ptSIrFLj/URo=" Size="22799"/><Block Hash="9vQfa+qmt9EknKyqK7nT/qZAHL/3tfLrCtNKe5Qnmd0=" Size="23562"/><Block Hash="s3jEOLIHgA/zUI15INAwBZhrAprUog7QL70XjLAeOFA=" Size="26213"/><Block Hash="KatDBInSM47ykJ42Q7EV7q7kBtpfsWJO7Z55GovdOf8=" Size="25942"/><Block Hash="gGoQ8aQ4ZDG/x1AQ1agy9KaEwDlWHeZn6jQXTg0I+mY=" Size="24827"/><Block Hash="LTzBKIi29k5jozB9e03BeZ7L638m8jp2loUvzu/BbTk=" Size="22279"/><Block Hash="C9/XX4BbLfZIE1SC1jWCru1Z+YiCxShqodlMT/cZRZw=" Size="23260"/><Block Hash="oSrH0b6TgYw5bWfVFWAun2WTNTDJHSlB+k3wGp0agrc=" Size="16176"/><Block Hash="a+ucUZzOBYlreuyB391weFXIlHUiBB6aEmTc1jI9jI8=" Size="22275"/><Block Hash="h5D3eu6phkcND2BxBg9HsDBNFv//5nDjmuDLd23TlhM=" Size="24697"/><Block Hash="cusWrS0HC1CrQDZ7fjm1d5rrmqRb6byXoHeWinV0tu0=" Size="18213"/><Block Hash="7Qkpe2cCgRRVLK4UlJIrHaQqNMDDCprJswdnnskMg7g=" Size="26359"/><Block Hash="ApETMbb6nFJfMpYeh+ZNpErCZKqjU7VEOtNaL1F4Dzo=" Size="24548"/><Block Hash="b9QFzSxDpe3S/NIRLkGKldIOEGwMaJOy+QKsYQVlOKM=" Size="23973"/><Block Hash="4o5vT7Qtoep8n4Gg2VVSqyQqU3jCq6kpbWVPR+kZ1VI=" Size="24598"/><Block Hash="S3ijEaNjGXDAaH3GbLhWHOCO3mIZ5CJ73vRsonui818=" Size="20629"/><Block Hash="SxV0c9u7kT67EcoL83QiqtvQMCA/5Hi8kDRK71PLybM=" Size="25027"/><Block Hash="sLfuSyjmoLnqgnHW3c6GaxnQH5BPtEVxlT34jNSxtqI=" Size="20901"/><Block Hash="qgVY2wb5cjtiz1RnwqD1xOnVlnkhK+hey6C/w6+1fLA=" Size="23400"/><Block Hash="bj76o2hBiPhoeRa1co8HJo80A9YWOlQzbJl1accsODc=" Size="20814"/><Block Hash="hPmbAGz6/cyeJuxKNWCXVPLmPc1h558n+iHHG/9o9P8=" Size="24882"/><Block Hash="Nf6ojgCe/kc0H4h6i6h1YBBB4D7NV4v/6k86Yn5dWio=" Size="23521"/><Block Hash="b9nTQnbzmhPMsIPf5gtNS4w+NosBfeNrSwC/yd+eSEs=" Size="22610"/><Block Hash="YC4SA5SnJd4MXCdAkQLATTOIGXHMTJlyllR41IbQL8Q=" Size="21727"/><Block Hash="CxssafCvYAmM9ZnKRiPIWPdsVz8bY116crqrksbFWAM=" Size="19873"/><Block Hash="SIJ44O2LH0osqpkYYJpJQGTwMDyuc8TI9dTS5Gf0/NE=" Size="21615"/><Block Hash="UE+E0dQ2heLisTPe1oIsVYmLsZhnQQ1B6bkpckKZhPg=" Size="22207"/><Block Hash="02yUmkraAsUwQKPExBBrqN59Cy/eTQKfvMhFpuEQfjE=" Size="22275"/><Block Hash="g5rHcRxwkzEB4RQgR3G6+S2UemqKjfkxMhRRkkt8iwc=" Size="24912"/><Block Hash="gyXrKHUE3sD4WHUessdZty6gaRXBDxg6OmHvMtGvgbg=" Size="25818"/><Block Hash="SlNZuvCAPMRMgpu47JwGCCFBQ6GuKVPoRCHSam6B150=" Size="25512"/><Block Hash="ISR61B7Oy2cthd80MzeKttm7xv43RFdMdDfmIAzKZJQ=" Size="24321"/><Block Hash="LIFI3FvdmG1I+eTLPQv1cf6HdJX9WfMhQbq+idGk/E0=" Size="26340"/><Block Hash="ANrFT3ZiawSEnuMpXziMg9DO9z6MuVBBzyP7Ae7ialw=" Size="23940"/><Block Hash="x3Q4UU3zQf+YyDp17S77w923mAHoLAt7tC15yNscACU=" Size="24929"/><Block Hash="/hqRZ0/1AxtfZikO/HlGoqzmM9PGM7z5xmWiSigTlJA=" Size="24737"/><Block Hash="z1ewiw3BIxIvILklTb4gwfWwH5+rB2kbHf9vpw82bBQ=" Size="23254"/><Block Hash="1OuQwS4Ie4XO0Ol/diWJmRqBhoLZaZFNgi0MZwNw9cI=" Size="25678"/><Block Hash="vUHL43+2k5HIl7TFKHZj1PKKw3ZHODyaGwJfPHjDVEQ=" Size="23834"/><Block Hash="rvbv0HdJUyrCWyqp0nMNqzvmnis9+QKDyxQpqyEOv60=" Size="23107"/><Block Hash="5ygpiSU8fPslqqtepXwvdzYhz/yjV8cMeRe52oxosnA=" Size="23958"/><Block Hash="Ex9i1OS3YT8svBXsfBgCOnGvJXvKkeZNnvWqgk8u9rg=" Size="24081"/><Block Hash="e3gBQY4ZWwzkymvwK/m2zw64h8sIZV5DZKllGTWkELY=" Size="25648"/><Block Hash="U+2H8JnMJHysOVh4XDi+QDd77MT5jmaRXnxFgbPA6hY=" Size="25457"/><Block Hash="ywdn6/B1cA/+fbUpTNDK65APFFQxZ0UrP+q1BkszLVo=" Size="24491"/><Block Hash="NPKZdqgBSpbO1w9TClkW1XBRuxNrUVt21LJA/9O1CtY=" Size="18596"/><Block Hash="6ZdXAM31KOB3/G3s0BdkQyrQexSLs/u7ZnaZb8HPBsA=" Size="15219"/><Block Hash="6kzP7jLnCaFKDtQo6EXpN55fzREF3NX+y1rVD1JKI1U=" Size="15163"/><Block Hash="eGMTkh+vsLhoOLTlYnKZl72/7ccoxFEbP6roECf9rdM=" Size="22705"/><Block Hash="q0hNelhujq/zepw5TBAQH/t1R6wrpk7UXfRvPS2YXlA=" Size="24292"/><Block Hash="r4zFvxsO0PPUxZn8c2c6NSCSsdlgKuVksPcajgh6qww=" Size="25722"/><Block Hash="eLHNDewYW7y3WGnTkjbGcmRjSY94+eXxTdPV01D2d1Q=" Size="25349"/><Block Hash="yTtJ4XUkhrGnHANfjax8pXedh4xOHzEXmwOOncsG+vk=" Size="22153"/><Block Hash="R1OXO2cIYVAsfoCEzRFeBi4nV+iGmJSCwjpU0Ba6NHk=" Size="23333"/><Block Hash="4g1p81PlknmY3T7j3Ue7FRVPsLukx34gOmlvaEAHEd4=" Size="23051"/><Block Hash="hBGS0Lm6raM1+yx8g2Vm0gQiBKbE3YBIh5DslYaE+Xg=" Size="16245"/><Block Hash="/DI+S9yW0kNoUgTJNSMvKOUGOpg/ZZ01Zvojha+JoJ4=" Size="17564"/><Block Hash="lyA42+c1jHhhB9vxrev/FvOtCj87oRjy7H330wIc7Kw=" Size="16854"/><Block Hash="aLs9DWwzg5fCNugHj/piCyOtgG1T14jx+FdAYsMnrtg=" Size="13367"/><Block Hash="zKys7pTVjvTonvu4F5KhkFYRIaEiCd6VECgbkYWbfSI=" Size="16732"/><Block Hash="MXId4/5pk2CArmGqsxUVTB+9hbZHzgK00n0irdv5JEY=" Size="22662"/><Block Hash="M8fPu4Vg0eo1Bxxl7vGmNeaUF9ehhTm4G2U01oTT+Xg=" Size="24390"/><Block Hash="MlMlO/ufKMNAE8Ik8q6OiffXl4Jm7ILY5jybGLaTfO4=" Size="16717"/><Block Hash="fYtKGVfCYk3lOk6KD1cojay6F/u+pPVGbswLtKwVYK4=" Size="25234"/><Block Hash="RznLo/+B0FdtAaAHmmX/vONNCyAn8NsdbKQpsbPAX/w=" Size="23309"/><Block Hash="iJuk5AjtZnVJC8j4C7CrFhYNgZudoy04+q+p4EBL7OA=" Size="25916"/><Block Hash="/DaBvgJp63Cx8J5DZEpaMzRWnpsJkvvNgJEsIX6YuuU=" Size="24675"/><Block Hash="qwXx+IwGr5wjg6Yb5q9h70J4GehWgbsM/qV2vGYVn1A=" Size="22856"/><Block Hash="Q3MHvtLnhCWDS8SSXEmYdeAgDUqyUbWijXYJclWlRyg=" Size="25831"/><Block Hash="UR2LdS26s++b9sVfRICi1v0QHBsnYgN9WdciUUZ/WZw=" Size="24052"/><Block Hash="RFURObIa43/rZ6A0EG6NX56PIl44gxMTa1qtyGqMi4Y=" Size="22110"/><Block Hash="Y5fO80UwJJEB+FyCugCsVSFGwIBNVSb2C2yAEdOQizs=" Size="24480"/><Block Hash="mKcdsV7jzX/a4Keb4AkLGhw0lJCPfoPpvATPUgu76Ek=" Size="26018"/><Block Hash="CmrcsJ/KkEm+ET0YgPzMc6JL5gDb6yeAL10q3OlH354=" Size="25784"/><Block Hash="6shht5sEb/Zx+WBzQ/Rh7+18Q7LTX8G7PGHihK/Xn9Y=" Size="23298"/><Block Hash="axBd1Dm0tZrKs6zl7BYtNTFQOXHvTtuNiD7JRbS80tw=" Size="11488"/></File><File Name="data\flutter_assets\AssetManifest.json" Size="179" LfhSize="68"><Block Hash="P+qsO9Cbzk433ldR81emrN+oZo5+qLR1HeTNT5xghWo=" Size="92"/></File><File Name="data\flutter_assets\AssetManifest.bin" Size="201" LfhSize="67"><Block Hash="VdzpzCXmHg1SX8otNe4NiKdb+bMC+g54zWMqf+R+j0o=" Size="96"/></File><File Name="data\flutter_assets\NOTICES.Z" Size="89834" LfhSize="59"><Block Hash="a0mVLQVMxzj2eQJqyvQmv3hp2ezdy1/kiZ+iZOjYvrs=" Size="60756"/><Block Hash="/bq48KLlkAhPPcuzRck6OU9ALC6uMB+8s3HBnQANHAs=" Size="23509"/></File><File Name="data\flutter_assets\FontManifest.json" Size="208" LfhSize="67"><Block Hash="zX4DZFvESy3Ue3y2JvUcTsv1Whl6t3JBYotHrBZfviE=" Size="115"/></File><File Name="data\flutter_assets\shaders\ink_sparkle.frag" Size="17304" LfhSize="74"><Block Hash="OqCUJNHcOR/Vmpc17+mG/0MwK15bwxCSav4RxoYmw7I=" Size="4969"/></File><File Name="audioplayers_windows_plugin.dll" Size="196608" LfhSize="61"><Block Hash="csWuZi3qrvHaNP82SHTYU2HyRn8ReDOiwY1myV4pMks=" Size="31052"/><Block Hash="0pQEBdO9yIlXhhuBSPmeFljKwSTdqvCN5uETknNwmig=" Size="28915"/><Block Hash="Jfi149AXTMJcuicKRwm6VSC7qzFc0ZqIG21zPIXUdHY=" Size="22199"/></File><File Name="firebase_core_plugin.lib" Size="968276" LfhSize="54"><Block Hash="JOooyLRMlx2JVj+xush8C6kp+Z4mXUWAuyoC99cU2eQ=" Size="6050"/><Block Hash="LOBeMAwu3Hc8X6XZYuBJlhgZeReNYfNH+ua+9TQXvEE=" Size="7125"/><Block Hash="nC9zi9GxSE1PwJp6o/6YKcYfSdmuKG0Zr+R5GAVnlGk=" Size="11748"/><Block Hash="xWsT05nUNaMBoCBIwuBowAoVCYJSkdjLzdIWN5C2VFw=" Size="17746"/><Block Hash="3VJ8iJiBA60R0fWpSCn2Qu/0LYB0zgJ88BaCiqIEoG8=" Size="18525"/><Block Hash="iyyneB9XCjxVcQt/bfnHlmAWOQAY5iZEFiDbup2ea3A=" Size="16067"/><Block Hash="ctyEcIsvnhUmxeoKvBEbaPQ2UXIvZOuyfWyczs0llFo=" Size="11782"/><Block Hash="+1seCZRl27Fgc95MFYS/zmT9oK4J77rm0Gc70oykSVw=" Size="3676"/><Block Hash="JTu9o1V0Ij1hoWMGWo5ZsDRf/40GddPWUDdBmK4gMps=" Size="3939"/><Block Hash="bn8AWEQVf401Ahx0Qpb7Us8yJU7bBanGa3AH22VbojU=" Size="3319"/><Block Hash="XoSFWEdj9e9IEaMct36RK1kuY62/6LIlBux4mnw3kKw=" Size="3755"/><Block Hash="+zsPcKc0x0yQh0pE22xExKoGeB6dtqVuu4ddcI31iLo=" Size="16427"/><Block Hash="rJVzzcGg1PnaysnCa1fDgbTbffJsZKYxY25+V/MVY+g=" Size="16333"/><Block Hash="fUixbWgMYIUsqdevbAIfMWdJmAITjXG9kG2+Dd13lNE=" Size="3397"/><Block Hash="cT2/L/b0G56sv3+Nm6m7Kf/C5xlMRSgy0oELD8H8XZE=" Size="9194"/></File><File Name="cloud_firestore_plugin.lib" Size="3921816" LfhSize="56"><Block Hash="jGvw49Vo/jGANtokMSR2/OANdrSusZsVK32Blli/KMU=" Size="5088"/><Block Hash="ONZ2RSGYq+ORgaZAqhWvUqaU87neIXW2JBN69h//Jyg=" Size="5940"/><Block Hash="3kLla10A37zfzAkW1YcpUWdUt7mwGTZ27jGtc+HkTaQ=" Size="6156"/><Block Hash="GOs1s25LQ4e4ZlHoESjOJ2kq6zCEqz9TrG5++HPG3+4=" Size="5773"/><Block Hash="qcWCZhZ4ocD2WunFRcWlHY5Potqkw338N4IaQvQ+WlY=" Size="4381"/><Block Hash="VJAWqS+q/8htAfpvCysY63/gKCsJdbBWl2xdMcs/S7w=" Size="7257"/><Block Hash="SsqjvtxmWIaNWr/KvXOAQMs46ZRkofjeziVwSTdPukk=" Size="5417"/><Block Hash="GnvockaH1pMtnNPqTtiH73Ncfr11xXeR6xwfjvIYQeo=" Size="16714"/><Block Hash="BqU5bXjzv7ErM7aOCgSCncuPnfLCHEP6SjUloqH/DzI=" Size="20195"/><Block Hash="3vANlz+Lq/4QGLfW/ib4l26fnj5jeayCnmwC2V/+TNg=" Size="10934"/><Block Hash="l59WEXkJoBMzYFFuNfiXmka87WiWEvs2X9NLu/FTvP0=" Size="3578"/><Block Hash="FTp1uv+BibImjabouBUhua02NcFpB8JH2AiSYV6NpBQ=" Size="2068"/><Block Hash="BoqrKeR/KI7wRlU5sEXwKwQs7xFzRaCXqoD7Wz+gR3s=" Size="10363"/><Block Hash="AmDj4cyezo0a1MIix3rEnK3Ysej+xo/byR7cXg36JG8=" Size="9729"/><Block Hash="5tOnOvPWuLakRvq6GgC/RWDn34+XzHi7EU948w/FKJQ=" Size="13967"/><Block Hash="98R2iLL6YQLK8fGJj0zdsizpYY4++poNfBL1hh2VN/8=" Size="15839"/><Block Hash="NaFudHJM2xIzlUjjFESsW2HfrLzDnYHXh60v5OKNN78=" Size="14638"/><Block Hash="JkyuPkFzaAHWgD+WFiqS1Kl1J2/9H0p7oQbckEOnH+A=" Size="15168"/><Block Hash="Nv0Eud+GoddULVHbqjztYV6YX9Bfn/WejfGiGo5DBb8=" Size="15588"/><Block Hash="SAke3amcpgipx9uOIfCzSl514Kbf9j4ILhI//EklDBs=" Size="17873"/><Block Hash="DdTJ7AjVHhpuFKOYfKSBASHfYiDcVzZQcRjQ7EpyaRU=" Size="11711"/><Block Hash="INY7Tqjrcxme/utFFtlzEcW0lm1N/h6X7v/Bhn8sukU=" Size="18304"/><Block Hash="aetI7hi8iejwqENBCQPDgPfD9rd0DnDnxKkbEUG3nhc=" Size="14793"/><Block Hash="0as6w1MFxWj7N729hwVlP1BaDRh4MmCc5OYlQ3WkZws=" Size="14367"/><Block Hash="dZP3+xB7a18IyZP1JGQg70FrS7V6w3bA1EyeNIOSGA8=" Size="5696"/><Block Hash="GRMTps/VbQefiU3/ffXf6IIuNKbXVCEQwgpUAeTcjy0=" Size="3603"/><Block Hash="oHgtGcbkdB02WHIhp42La9+cSjx1bAplYmdcz3OmHP0=" Size="4550"/><Block Hash="8w91Ots1Gi0Unerm3+dCYNP7H8APwuC1WaHnfcedLpk=" Size="4272"/><Block Hash="M/8HiheoSVrkaMpcHV/4K0MWfNJCz6QOpqmHjRrpGBM=" Size="4846"/><Block Hash="nHSXH8sZgjUNXm23PLnxtciKAAXReZwIpXT94fF7Oxg=" Size="2508"/><Block Hash="ayZE8FUovUV7b6aDwo6JkMRA6QpYdGsQNLSGGNK3lZw=" Size="3053"/><Block Hash="FBQY/WQ/pSt4xUwejA0yJ/P69QHrBmZ8g2dfkOi1hBw=" Size="2789"/><Block Hash="C4ZzoB3qxYr1Eo/7Oh/i+jMECezko4bTxW36AwKQfLU=" Size="3694"/><Block Hash="H7N+ywu+8dfDBVzOrKWZAVAhhyzqpgLFWEwpZtdQKAQ=" Size="2405"/><Block Hash="44NanTlFCePsx8XTce3HnLA7kYTx2fD5kF7X07h9hig=" Size="4984"/><Block Hash="4km3autvdmqrxXQk+y/fmInvH7uGWGmry+5QrTM1Ppw=" Size="9896"/><Block Hash="5PbX8sKwrA/TIYX2z1XljjWUwl/4ShjNSUFyQopp3bo=" Size="10304"/><Block Hash="WEiXoRiyRfCcdYV3ljhR6HcoZYjq9EKHpZqmC+msWx8=" Size="16884"/><Block Hash="2saEVovnKowyUOQ8Wf5GZnYHe2zgS4tVgi54WDVdB7Q=" Size="21136"/><Block Hash="PC1BlJ1gGI0LR+7Z/r1NEdKch8iWnNFLiPFVmsLh0JY=" Size="23806"/><Block Hash="G5O5iBjaTbUr+y4DB3cjNmzzEjE3wH3KDzIv42DmrAk=" Size="18710"/><Block Hash="tRXQ6oZeQ5sCQ38ElBl+7/a/ZLkU46z7G1snqpCpeWU=" Size="16507"/><Block Hash="QRVgviyHk6ma7XQboj5AOlw2Lyw8NvukA1pcGMFc6FI=" Size="21586"/><Block Hash="35ub9hxZ4geIjxrBulfIZv5G/6WW8CdXu7Tyl0Eqgic=" Size="17082"/><Block Hash="tpqB2EQMYPQW98Xt/ISjAtncY0sJj34kadN4z5+10qU=" Size="16215"/><Block Hash="pQqiSjKNd7XhW+0vKlKs/aNUfBuCnX1/NKkZwybNmTE=" Size="15592"/><Block Hash="B2+g6A9CO8au58ChQOfud7UHgZSBmbMKBm1BiUsx0Ew=" Size="5795"/><Block Hash="0mz1tgU2pNgWfQZydtA+ggRSMWGnpYsrL2Fxd/to7GU=" Size="5234"/><Block Hash="12oXuVQfbljIL3oTvHnsrizltam4r9srEvtxRfXjv8o=" Size="5140"/><Block Hash="a5KyVWnfP/qWS0s0kal2ON958LLtAQ4oUV+vUlucetk=" Size="4408"/><Block Hash="X8lwE7mc6G378ttcAuGCkA8orguT6stYEuLjyqiDh6A=" Size="3908"/><Block Hash="csLReiOTuuE5BLodOZV3ygvh569lAzgyv2/O6ScgTd0=" Size="4506"/><Block Hash="kecocmHTRluz5txvD7jGjVgCaGXnCUXPTT0lIdlKi1A=" Size="2479"/><Block Hash="4iPFHAtpgNJS65Rn1RyH/DDosFQ9fCZ1f+3VXzg21LI=" Size="2703"/><Block Hash="iEPeJRZOvchM05P8v88LK+crKvciZp+h49rbUez9jFU=" Size="3861"/><Block Hash="vfpkPGpFf2Yu/o/+ETrDvXLliGvSrhupNQBAc2l0ESc=" Size="2503"/><Block Hash="alK982Gdj6ScKMuJ0vlYJjaEHviH3mg130gli4aNMVo=" Size="1833"/><Block Hash="Sa4dGZiSbixDCAN9jwvlXa9J2fW3ix0hOCUT3XzSVDk=" Size="2652"/><Block Hash="Fo4tOnhmgeilr8tfk8q8yZ0baHL8S3CR8T1/fbb/ZIo=" Size="5575"/><Block Hash="1QVBsvglbTZwoqmDLKFGIIT1xSkIokFCM46RzWvN06Q=" Size="10299"/></File><File Name="file_selector_windows_plugin.dll" Size="105472" LfhSize="62"><Block Hash="ykaelWw5GDZWi6TPzx+lA7rzaIzJC/t7rPocK3r4evc=" Size="30514"/><Block Hash="NLSLniLIHCMqt0Db2lJydS/NT6S3P071nYbJAG/oTmA=" Size="16259"/></File><File Name="local_notifier_plugin.dll" Size="162304" LfhSize="55"><Block Hash="IM41Stcaee0r98n7HYZbbqIrzV40kafkvvPvy/Vv4g4=" Size="30035"/><Block Hash="iXLhHxx95wHsUzaubzJy+xcmYmwUeh6AIbbb+qHpWvU=" Size="27901"/><Block Hash="e6F3aGDWf3GYBU23Vt/zjij6UAZuq7yZuim4vXZS6Fs=" Size="8337"/></File><File Name="share_plus_plugin.dll" Size="131584" LfhSize="51"><Block Hash="1lF3eM937kD0/bbxEXhXiiOG73uIIph0FTe8tXUkEgg=" Size="30510"/><Block Hash="BriXN+srusD+wL1lZTyG2j+OEfvEFN7euTgggGURFCs=" Size="18914"/><Block Hash="X5k/QV3+DZcHuyepGUPCd493jTWDEXEtNJejJelg+Ao=" Size="91"/></File><File Name="url_launcher_windows_plugin.dll" Size="89088" LfhSize="61"><Block Hash="ykEcrlUiCq/+k5KstLK7p6vHGguvVYFTXtuNr0Lj0d0=" Size="29467"/><Block Hash="yuMEonA5nh/2XWH6UM5pVPyBEcA3SfW7GKq53ikwg1M=" Size="9663"/></File><File Name="rng_capitalist.exp" Size="1285" LfhSize="48"><Block Hash="4c8p5lsnoVdIJNJCtVL/6FMY6CGpHXcEPcj9huljVVs=" Size="574"/></File><File Name="rng_capitalist.lib" Size="2614" LfhSize="48"><Block Hash="AcTYHIM1THtOf6eHuiJ3TOCK5/2XOb6QYcxoJjAAvII=" Size="642"/></File><File Name="rng_capitalist.exe" Size="13237760" LfhSize="48"><Block Hash="7scpxsTq3iP++la76x80n+YxbKLTUV0HPgZTyiQNVx0=" Size="28796"/><Block Hash="t+Q3trQ42X4w6EZcy9V1n4pt9ittqeGq3pxGb/TND2w=" Size="31147"/><Block Hash="ucidtQYO1lb97izH8wEnZRYfnEQSpun9dfVmmwFwa3s=" Size="26717"/><Block Hash="xWbnj+q4uBsrWpmhmABk3yNqoi7iJFleqai/VXce97I=" Size="26240"/><Block Hash="s1rV2pZhO4U7A3oB7LS+tXOtBarWt1i2kPekjT8cpIk=" Size="30571"/><Block Hash="LAvOtI3srBZL1A+/XjkHadZXTa1dR0STACHSDDnDq2U=" Size="26738"/><Block Hash="YbkPoYOTIk/iLXHHxv7EJy2XvpsHaOnqu76sud3blOo=" Size="29285"/><Block Hash="S1Md7N2B9HujGahDb/0X7JoNi1iihvFykQPNT7i7Qpc=" Size="30197"/><Block Hash="7d29R8FzbmEJjKQpLWprsx1kESbH0eRMB/Q1RvEmf3E=" Size="30729"/><Block Hash="Aqvd3TbgsgKCaPoCt09mi7RfHPQga8EhYFVWmNDKG6g=" Size="35093"/><Block Hash="KnR1VzckUKrzhcmQOrI190xKh0JmBdkXlGfpn3uZuqs=" Size="33626"/><Block Hash="jGZGU8KHstY36Zyk5ZMqvgQwzD9v8CWvN9STCsPHQEA=" Size="28916"/><Block Hash="OxmqMGVAx+5K7wrB4PgvnlFOYuzsggFfO4GkTBaij3I=" Size="31237"/><Block Hash="SR9OoxDTtqo8MzrrckBYezFoT6Nnzpwv8s7szxLfwoU=" Size="29179"/><Block Hash="CXmfxeDjJYRxxgM0t4W/lKe1NOs2mvlUSZHBu/Vghrc=" Size="28906"/><Block Hash="45Y969PyR333B46+55gHfaTAvrYhXEyPebhbiD555og=" Size="31131"/><Block Hash="a3O3KUs+yf3YR5Bz420m1ivOB1O6Gz4tjq9PZtAuMkA=" Size="31649"/><Block Hash="iv6+hZZY/8d87txqFyF/NiTq+MYoaxUkmWgu8l3SPx0=" Size="24838"/><Block Hash="4l/fMmkJTaEo3rGLzSugveeou0Zlgr8riRa3Bf7xh3Q=" Size="31813"/><Block Hash="WHSfpD0AYixhBRvJirVn2wsbactkUS2jEL3o5eF5BIY=" Size="30278"/><Block Hash="GCG4PqWpBwhZdvkhGnqABPq2QdcRK8ZuGwX+x8AjKzQ=" Size="31563"/><Block Hash="3eSMxzoIKEhj2v+FQO6pKJUyf34vi2PH4P/eYix9j/A=" Size="29541"/><Block Hash="N5kcQzMfKfZoSBiBpHmA1NxrSA+1Y0MM+PqE22ARb+U=" Size="33269"/><Block Hash="l/HQvdwYH53N+L9LYEHXEw0pTDlnvld/C1lB5AL8Dg0=" Size="32581"/><Block Hash="VTHkuWRkV8HmJM0VCfPEb6E0xhiu0cs0Q6RP0kk3tC4=" Size="31767"/><Block Hash="70+PL9IHuYX/vfMbyf9GknAZp1xoRqWNM1E6EfwwYE4=" Size="30650"/><Block Hash="/TTP3tBgKmdwgrx+uHOilp0J8+TeIyT5drBVAr4UUB8=" Size="30648"/><Block Hash="EeCLRyFaWbpCUNZq/E1T8to9DE7ShNTPtRCFGVHczLE=" Size="28724"/><Block Hash="/3lnHcfgLPUJ6akl1kUPcFeDnLp1jYf1izDg2zdRZSU=" Size="25389"/><Block Hash="FS5WRgW9lEWfa6DpqrG8w5iwbR8l+2cRHKSqu3BUJaE=" Size="30284"/><Block Hash="/1E0D6hLFQYpf0/Rei9UnYv3AgDzKKR6u2d5dNamAqk=" Size="32418"/><Block Hash="AI7SL2Of0U8dgKvBIaww48mBm1nCnCLhmJYRORfBJ38=" Size="32735"/><Block Hash="1aMC6gNQL62UcZYdFgjSMQifpPiuH2jvMNfkAyd/HYI=" Size="28389"/><Block Hash="n+14pr6rwkOIPY65bD1aP+Tb+kEuIz2aULjFtlSZcXA=" Size="32079"/><Block Hash="J2sEEVsPyH7svliLoX+URPGUSK+3qmhgxdd/eY7NVc8=" Size="33145"/><Block Hash="LglH09kALHka+UCHIZz6c+afyZJj/trzcpvPN5bGw4s=" Size="33143"/><Block Hash="nRZGZANQOA0m3bq2WSSQkjIh4nO2QQLW6e8ExjteCwM=" Size="32754"/><Block Hash="MjCy6smHhnD6J7wW+RIGkN4T09IDRQ8J2yEcr3bCU/Y=" Size="23386"/><Block Hash="PD5Vh0OUw0hukelF0rIwFU7z2HKrDzle7hvNhUgpcXs=" Size="18236"/><Block Hash="vE4FSsnmLavn8lxGW7KVyTdjHZ0IaioVX4SqBUqCpjc=" Size="29847"/><Block Hash="1PQGqsnbsgCVvb62SUiQL9qLhASOOgAjdx8nn3dkjU0=" Size="30940"/><Block Hash="CE5xEd/ad5IrsZv1AOkQi60J5m3ezllQFB0DjfQ/z/4=" Size="28970"/><Block Hash="hEWZ5p4rogVofZNLUICbI2EWEZAHq1brSXI2+pVbCOY=" Size="22604"/><Block Hash="veFJxmiaTxcPiqpevtciPSUY+tIzYcIYislaS2uWlPg=" Size="34039"/><Block Hash="8M9KzO+Xtm4juyJQMipUYo1yy7T6upq7vQfRFis/LLc=" Size="30868"/><Block Hash="naeOB/4QztO9o3IQ1mYfgzC0qrkJacjvJHvragJNEd8=" Size="28848"/><Block Hash="gIvM10L2nlXPw1KZgxplH27md0njcopl2ajV4MDz7cc=" Size="32186"/><Block Hash="dvh9hz1Qxb6dy8K6Pa4ympWjANyTq1IoLNgHCjD/4wY=" Size="31295"/><Block Hash="0shANyLL+7jkWZp67DTPhdrNqEfo2w/nJloCb5nq6Qc=" Size="30680"/><Block Hash="Jw8M75cDOQu2SV2yL/AXBDj+3NQm2xsqq1pjCIltzIU=" Size="31490"/><Block Hash="tyMAD4zQVKsf2oVJd8pybxwgA5Ngd+dxGRSAjNWHcek=" Size="28421"/><Block Hash="s9XNbtSrJxD5vCFmQYAMJfkGld17PKa5HTsL1po7CCY=" Size="16558"/><Block Hash="9L5s45LCrGxvrwIGux32XUI2uSvGF3ws/1T7AK5iswM=" Size="33705"/><Block Hash="kh10yM/B8R0crlIYpOk646Nl35QSwgBArUhF0nIg8gw=" Size="32832"/><Block Hash="V2QFh2i52FzukjjJ2mWjwGGj3DspihyAVJG0WqPU8z0=" Size="30124"/><Block Hash="1I63yxe0ge7hWPs8sdV0FmLHFgADfPhPizwsSBSZ4ww=" Size="28026"/><Block Hash="n8vku5DjX6l8jOMfa0eRSpolDuJFOXHF4+wP5mhxGlQ=" Size="32733"/><Block Hash="Y/sz7nCXsxVQFFzi6b+NzZPq5t6xq2t1vGdg0iocVDY=" Size="31744"/><Block Hash="jVnmVvdc4nPemx1qQliXQYjhgtZwwOvFHfYzl4cKXg4=" Size="32775"/><Block Hash="IH2D9VRhxb2XNf/+dhFKtZZOLsgdmR5EV6IGFG+m2Y4=" Size="32505"/><Block Hash="RsDOKmKMCZwPl/jQ/lR89VBsjpgt2qiGJQADvWxlGvU=" Size="32449"/><Block Hash="g69dUr7m0sVvVdTYQMcKPfcNevkDNxbW6ZgPVN3/Two=" Size="29434"/><Block Hash="9xK2GMQjNkI80k+N5EJjEhy2kh51ud4LZ+GGOqIZfMY=" Size="32940"/><Block Hash="jZgFdGgUvJLkIn041gUo3EiHzIlFELCNFMYEbp5+jI0=" Size="29542"/><Block Hash="QyTEMKg1eOsw3BBnzdsNZWhRupWSxKguVKSHgUk+oyk=" Size="25180"/><Block Hash="Gt0PkGjgcbnctTH2s6ysAMd9FN+melX5nOcZVUkbT+E=" Size="31277"/><Block Hash="X3NZwik2avGyrB89WIoovCxoZv3tzvrFzmDSMKlY6no=" Size="31033"/><Block Hash="S3nSTf7LUFw6mvIUyAfdENfywwY6L4ANQlVN8bRM/AM=" Size="30041"/><Block Hash="qi78+OrioSLwAfH0er1mYRBs+0OswI4V4Zch/dgMBbQ=" Size="32821"/><Block Hash="pGJa71ZhVTRH2c6AE1baEaVCZaUoUH5U++VEqld/8cQ=" Size="32503"/><Block Hash="o3iARtZmog76v0u6rPoqHauqSlodotffXlPOOMvy2G8=" Size="32850"/><Block Hash="IREGDqj5y7I/qylS5At4b94Yeap+KCtCoNnTlanuefU=" Size="32405"/><Block Hash="ppwVhCR6PVFIsZO2d/K1h1aaPHlqjWa56rfWID+I28U=" Size="32132"/><Block Hash="UN9P/s4dbEED69EC3KTCvrsaR3YOGWnm21NPpPdW3sE=" Size="30682"/><Block Hash="USbjOGVc1cCUnvolngui3Gi+q29RkLlOHBXAhN4i/FQ=" Size="27521"/><Block Hash="VnooukLZ1eqyNbvi+MDSAiiEBgyXwHktTEV1pEhy9uI=" Size="32297"/><Block Hash="Xt0lSl6XCrb7qr0eVJX7tm8UVsy1+F9DuZVPYB9/954=" Size="32756"/><Block Hash="8Lw9Mty5shwTYKw/h35WlyQCpA4qo4KyjFu9nFnn180=" Size="33076"/><Block Hash="33vcJW6BbsGcWlan6gTdBENphsJRN1mwEakWvQkVDpA=" Size="29129"/><Block Hash="uRT3SPzItUjB3aDUc/bDK+ismS1FT42Oh3S6aCh/Qpc=" Size="32459"/><Block Hash="m4t5I0ERHnQon/OzYakbrzMJZ1IBjafzYbNKbQ6qqg4=" Size="30705"/><Block Hash="iIY0Kt+nGMZZp6805uGj99vrDAlXcW+nvyPXrX7kYiM=" Size="32715"/><Block Hash="KAKyEkfTi0vjH7tv0KlKNxZk0PCcvDafiWXLp5cguKs=" Size="32897"/><Block Hash="z/VoURzT4swE9OBX8qiuyXqcU1k8nPo6Hh22kYLzTVw=" Size="34167"/><Block Hash="FzQ0pwrGOpURer03VvGIc0AipuP3dvvwFnCNniWMr8E=" Size="32543"/><Block Hash="dIJ265skqgo/bTbUNNEuuxy30Dhhhaa18H3Q6X7y3iU=" Size="30592"/><Block Hash="rQMsy1ukrUefUQrb7QUL+5UeQtWQQu3GkIZo2sDQ5ow=" Size="32762"/><Block Hash="ix6YVxVzJ7cAA87AbN3k0r5Ts5xY8lX+qC/b3Zp00NA=" Size="26282"/><Block Hash="xWMB9nbA1bDl/XLmQrKxbPoi5Y//oOW/dd8huNZkq34=" Size="31880"/><Block Hash="CNlP9/XYQibra5FWCdx1F8gIbIRpLk/FtG0ogdSBnEY=" Size="29854"/><Block Hash="4w9C/xCU19GyV8GYlXFuuKS2VAcbu4E7S7/3jFyKS2g=" Size="30545"/><Block Hash="9WHQOlU+g+uxhtfDvZ5yRe9E8Wgm9wLFJ1+4yCcSsio=" Size="29689"/><Block Hash="fL5sq0KRx+0dtMPvE3Q6B7y3JIOncwaPApaUs8rQzN8=" Size="31114"/><Block Hash="TcGIyHleIW5EVlefPIxKmhaAs9lTeZnGL6NTe468p8U=" Size="34835"/><Block Hash="yTHqKwXaNzIGZlovyc+HK2pY/VZM2HkDL8s9STp6O/Y=" Size="32532"/><Block Hash="4k4xKwSyix7HwUhdFARj0uH12l4Bag/VmQPzbkc3XnE=" Size="32742"/><Block Hash="7oP6lkvV9ArDtahNMfTu9lbw6TKyejsBiHYOCI3o6/8=" Size="35797"/><Block Hash="vgU+dhaKkA9nM+mNm0Yiti64Or8JE+yfYDhGMtk5dG8=" Size="30347"/><Block Hash="S7GPUlTOGg3nTdxanA3ApeAbkOLqqWMSksVyjS3f6Hs=" Size="31038"/><Block Hash="pg1IUOqTjewuxb2//WfwyOPzWPLNg4Bu87UTeZDNKYQ=" Size="30725"/><Block Hash="JfqhL7+z7V8zw+HXzC+RtQe1JFvutQT29yl+gK6Gwok=" Size="31174"/><Block Hash="/LxJ3dT38SMtDMHvTmpeoKtQtgCtiHp9raeskWqOyb0=" Size="32849"/><Block Hash="NgNsUzBHm+6AXVBOR22zghyLf0EW5OkCsZgqLMj+bfE=" Size="35228"/><Block Hash="s11H5PigRfqp+wzh0jbHIiJqzOhd7RIlCYzhZYsRFyE=" Size="35015"/><Block Hash="2CCZNkIuWY0ZYFCMJKphQVdy9/kFjj+7f0UglY12tbc=" Size="34178"/><Block Hash="03tkJ1GOCTDhX0QSe0t8PB3g2Bn05A+I1teYE0cp7E4=" Size="33246"/><Block Hash="8n+mIBnXaNryUauPkAdADVPeoVMFzPcsP1IEk2HUShA=" Size="33401"/><Block Hash="ycQxpkfUDXSN1EqhMRiqYAjUMYC1U1ILdOe5OPY+HVs=" Size="33634"/><Block Hash="T3eellg67tuHMnXOiEZwxKlL0LDWantGOY9qhrJAPY4=" Size="32009"/><Block Hash="3iD16eiTGHOMMIdIxvvVlqMHYJP2/KdfS2kbyj2XnxM=" Size="30489"/><Block Hash="BS0PYkcY8Sl2jQMFZGJXym5KpFhYFPP41U9ghH1i9YU=" Size="33114"/><Block Hash="6f1Wx/WSbc0K5pzCErhAr55nJkQ53NRtGeuzCxmg7A8=" Size="31761"/><Block Hash="5Z4M6njK3IZxrnhp7sXtVZr+tMIjLO5CGWWrSnFrr5g=" Size="32537"/><Block Hash="BzmIrimU0/sSPHDbZdykHqbRU0y6G7/T/GWP2/UYsSY=" Size="34880"/><Block Hash="Vj6KV2FZpGlu/2LAhZCs63YZCtwjstiibEVXgDvF7S4=" Size="34047"/><Block Hash="aCzMsCLBeTkA2FPPC/y+AOnsMPWkbrV2pPJxX6wVpsE=" Size="34471"/><Block Hash="nYn1Z2mkl74yZjYJh+Jgl3gAX1343B1Ng5FprgWx/wI=" Size="35616"/><Block Hash="w+/7H4BscHc0iyF84ZFvTcbrNPHXFVnvpcNtKssCAKI=" Size="30807"/><Block Hash="tO6w5qHfLQFaAgv8aJxrpaj+tNk+hzLxyfir/BBWtwI=" Size="34729"/><Block Hash="mz7HKI0EjfPtGDXBIURF5t6TnGNHKOP3y/d5JgTgq9w=" Size="30685"/><Block Hash="cSNzYI5HcK1Uhwl0vSF2o40nO3Sua5Va4/T4olpxT8k=" Size="30475"/><Block Hash="kGYXRlBTQ3FWGKaJ/Jub2OgYxRVYu0JrqsW+ZQRvkgU=" Size="25599"/><Block Hash="XEpEeQWFujCwa43Zz5kqdazvYQbgEAe+6dpZwVqG8Fw=" Size="24980"/><Block Hash="cPmRfSicZqDtbRZdT7RBKGIAyhm+xVkZejwIIC/qtmk=" Size="28000"/><Block Hash="qyjfZ790rKuV0oyZiqK/WVbIXqadQhgu8s5vVDUuHEk=" Size="30520"/><Block Hash="EyNOZx5giEytuPVOOX5QWJWrkhEUonPIaOKSJyKQzmI=" Size="35705"/><Block Hash="Ozl9VjQ8BdijhVKVheoLK3NbE20EwyUoncbTh3esFaQ=" Size="37589"/><Block Hash="QnLZSfRkn4bLsyFgKb0cbiC2oGJb1ITUn2oAq4MAmm4=" Size="38139"/><Block Hash="F1YanZoWkZTAKGOKCnsKecjYifIA1jBF58VcQUETFxY=" Size="21349"/><Block Hash="8PB3bOSZyB398KeLfZcNe01nISMNahfhD+5pXJFHfuw=" Size="17471"/><Block Hash="+W8uMhBpXPgszjSmgnH+/8CP/zxiBBlP5SxFbQqDLnw=" Size="18145"/><Block Hash="CnDBW6bPT1Lv/txDwCyLVnBrK3NrlCcgOIV8WpG3/lE=" Size="17542"/><Block Hash="fz6RJ6IFMVqDJ1jqqho0zAVvIINY3YIGxDILeN66msc=" Size="17370"/><Block Hash="lUKTiLOOB4xVrBIItNdcM60sgGINT3UmgFlOVXcXRjA=" Size="17679"/><Block Hash="1psqN+OgY8QnQJ5MUO7l0E52v5pyscxp/oeLUY2eUF0=" Size="18085"/><Block Hash="RYcEAib0OiWkcJoxx6ePCS9fDGcZxQFc/w/e/33GklU=" Size="17745"/><Block Hash="lM7LROa0ExiO8vq2kfUNFo/LOTZ4xCApwyd0V6coUxI=" Size="18410"/><Block Hash="VOGEPVFJPW7MvjH8r6i+ndQujBAqNW+Tqd6ea+O7OBs=" Size="16528"/><Block Hash="nWLD/n6jqkqH23hGIXe+a88POMqA3Plm5L2J+QnocyY=" Size="26598"/><Block Hash="S0Djf6Jx+6tOSg20iJKcwh5y8tRX1CTBKBeK5X+BiJs=" Size="16100"/><Block Hash="JTvpAgmhiOasrSpOqRuRmVpuxJ0koIW4UkkO+BcfQME=" Size="23584"/><Block Hash="aBZrAdXOn/euOqz60R+fNfsxiuSP0lEt4WdYWXpondM=" Size="16219"/><Block Hash="vqEEaoSz6ouYDU9E4z2EeKKcMkH3rhfK2QGo5CErBmI=" Size="16063"/><Block Hash="Q+iZs8TZTMc4QyGZYi3JU7LaxrWu0cWtZ8hAAJgBoIo=" Size="33925"/><Block Hash="ek28r15ZDCFjBpPgHsr1GlDEqlhQDfYEAZBhuR+DDvo=" Size="36835"/><Block Hash="eWxAk7M0ISPN1S8lvW7n98aldbEjmLSy/5oWnFGr6dc=" Size="35975"/><Block Hash="qc2BsrIGkuyVVLemgLzlAMOnfA+N0v1pA0St+VC9XXw=" Size="35866"/><Block Hash="pwOEnsWkRB6qGFlQbWVNdw4exycYUXf8CZ2n+a04JRs=" Size="24162"/><Block Hash="psboHSQvQ8lavj1Dd/E+d4fl9zjs4I9wfXrHAd9pvTY=" Size="18623"/><Block Hash="sYAsrL0sx8ULbLS3RSbf68ZydSRrjEwry4wCv+/uJRs=" Size="20578"/><Block Hash="dwDWy2wv9JWYsjbl55duTYbhjZlg1ocnlAp8KEhA5Qc=" Size="23280"/><Block Hash="bTh+uJZ24SVBkkNRpqU4AgRHRv/pQEBWacBAOoaybhg=" Size="18861"/><Block Hash="726URA80zwEbYa6qpDL3vgBGWgP3+CS0GEHPgjshKx0=" Size="17694"/><Block Hash="ATsC2HQJhUxeZ6BaO4LboTicvr6Wdy0beqx9QzPRLUs=" Size="18479"/><Block Hash="AaBs4LD2VDkzCvLbSVsB0Sa6E2onXMZeUWNazR3t06g=" Size="24340"/><Block Hash="duAWZohA10J3FCwgssU8qTqxttKff9Fe1b3Nn3iWiyE=" Size="18563"/><Block Hash="CC8GdJKiRfRwTTnUvLV8AnNcZNfVLa9GkIe6S7Blljg=" Size="17813"/><Block Hash="3aXGodi0E8+U8Kajm0c4s142wKOsOt5Vxs8U3yY/YbI=" Size="18923"/><Block Hash="aDc5nfZkcY6kSnNfVSdMYrzuv/2ka53Ot4NmGr+QNDk=" Size="23625"/><Block Hash="s5gtDUUa/BpsJn00p4Xqo7zDrrPdDoR9i1ZOifXOQnA=" Size="20452"/><Block Hash="Qqi/wLh8d301pR45G9zpzMFzpyIivd7WBVRoHhNsRrk=" Size="20876"/><Block Hash="lo2w+4TDmu+fXPWYw/B+388fJE/ihwlmccs169IDncE=" Size="37383"/><Block Hash="OpS4H5q1YnicXMb/QbZ7p7ACQ3hQ1ns4Yir8L7kP088=" Size="20597"/><Block Hash="9aD691i5zWG17E9m+9S/I/zbcWWQubTe5p595u3o4TM=" Size="11179"/><Block Hash="MtYXwXf8Xvt5mMsK8VvnXfVdf978T2SzjxO46QZ63qM=" Size="11387"/><Block Hash="Bju3fI4RrAi/WfreHESlQC251+7cTt8GCHe1Q1PGD+I=" Size="11559"/><Block Hash="qpmaFRiWYM4GbUsLBmnEnWtKgWoy//F0m/e8OzCTtgQ=" Size="11495"/><Block Hash="dWoGuNHFcpEbZyL5zYOSHrZt75rxX1co5m1dIvpXikQ=" Size="26591"/><Block Hash="dnFLYi0VZYYEUBAtfXgilZY5DnJHa42lQvmvURIkh/8=" Size="21326"/><Block Hash="d4SkLwh7a5oPTY4mXzZyGbmfYHPildk9wS28h3gf0Tg=" Size="23430"/><Block Hash="sbHKnzR+lWpHXujkv3aFlooovyv5pQEr5mcuF3ekNp0=" Size="24631"/><Block Hash="WWufDKIFkUPHDkpARrz3jvWJ/1kV7EktKdmIWgVdX5w=" Size="23905"/><Block Hash="v6i2shGLwjH68rMmhrf/wvd8Jm5UjcSMFAKACREuNGM=" Size="24513"/><Block Hash="X87zrGypGtIfbQYBB9kVImZUmf4/COsXpVzS+QOnY5w=" Size="24877"/><Block Hash="UzcCVh4zIljALr25j2aWkhBRxtkkZ2l1thf6Z307vMo=" Size="26863"/><Block Hash="xLsl5qzGBn8xDCIQfzT9rLkYDL7RQjD6YS06mo2icp8=" Size="23776"/><Block Hash="fxYUFWWcChByt8Gaj+9YN5sEOpb0gzECrqSQIfA2ez0=" Size="22130"/><Block Hash="ZhUi1BVcEW9sy0sYWRxYn2KacHycVamgqtNaJWIqMQo=" Size="23902"/><Block Hash="yNFvV4NsupiBJ7d2VveqHTf2s7DakHU/hogDcI9FFsA=" Size="24095"/><Block Hash="RcB82va6U9O+GAaVFRoGIDRaKWaa9uNR+46Oubm0ma4=" Size="24170"/><Block Hash="NvtASra4M6F+/tA+JIyWOMYYsBeMgo6CL1TWC+wxgnI=" Size="27003"/><Block Hash="ILXTIy0vudtKoSmDSLvLKNrRVrsXZ3fEkPg9ijyrNbw=" Size="25473"/><Block Hash="GVt0bYT1a2c66z2nOp0yKkxOVW8KDfA5BSrIr4DCYig=" Size="22484"/><Block Hash="Al30EYqermtScgdpRYTJZK6EsfiBD6UepfXZhx+gU3Y=" Size="26545"/><Block Hash="o52ycF6cHghrtFkUr0EyfAIngf5csROYLAwGETOEIjc=" Size="26141"/><Block Hash="YxaFccTid+nZ5WWelzZgIkTcV69BtayYe/Zw2zk4F7M=" Size="26636"/><Block Hash="PyaJmTeNr9fMGgrMUznaa646J2JpPZQ9gbpyYq/7a/g=" Size="23003"/><Block Hash="MeqmRYPxQwxukg5o3RNtcDBN08FRRvKlPtJoA+DVs5M=" Size="25041"/><Block Hash="y3S7M3DQ1y6SY2aGhPpZOfRYmOIoqGqcmOagLL0E5Bw=" Size="25593"/><Block Hash="fYKgh99pclGHP+mYifDfS7K1B+KsCHuVHlB2JenSUWw=" Size="26490"/><Block Hash="0yuM/5wusc14hjOua2bHTAc/9APCZ8/l5CScwOhEdIw=" Size="24005"/><Block Hash="5CRwSfoCbMwpJ4S1yRLkurTUAiBbz0FyRUCfMURiCX0=" Size="24561"/><Block Hash="G0rQsQVxNG7ibPPWXTn0ZNQTK1OxQIRRhJV9avOiyZo=" Size="21121"/><Block Hash="zoFgJDuc0ooHVR3hG3y9SoY8IxIBKx/SiXwwUg+juyg=" Size="23429"/><Block Hash="zIa+rQpLf0J5ixqL4m/iLzjj29urZTKJrfzoJ0zqtVU=" Size="16386"/><Block Hash="MVD9HB60R+VV/VcjL68/kyYrrNf9SdzXkohpSCM4IXU=" Size="21002"/><Block Hash="n8fO/f3v715Ag5jQuNp3giY4KA0ClkM2yOTt+82vt+w=" Size="17208"/><Block Hash="naxv+l6OgNY8qG1Kt1+wcHy8oiwAzNojdKoVGNM7Yfc=" Size="9855"/><Block Hash="pLbEnhGuttjn0OfTNT47mXMuAiPVAxxksmO1rqF98Ak=" Size="9404"/><Block Hash="YUGlXeHX+v5+w/UxAV9LMr+tS2ojyQIRvJOCM0W+/IQ=" Size="8975"/><Block Hash="qWv2u6gZ3V5mQgXrZgOmRbYlsU8JWZnsGSjsfG4sjdo=" Size="22155"/><Block Hash="flz0SGevHv0j5eUBWJzs1x2KsYFCjMeB85IQN+PRtkg=" Size="15940"/></File><File Name="resources.pri" Size="6896" LfhSize="43"><Block Hash="rOUxHIacgcPLVt+yA+ufcncUetkjlQiH7QBAtGNQjrQ=" Size="2216"/></File><File Name="resources.scale-125.pri" Size="2808" LfhSize="53"><Block Hash="Is8CZc9HLEXuuoRXOoQ4QCEnqUqbNZIhoQd/LoUa6ag=" Size="1373"/></File><File Name="resources.scale-150.pri" Size="2808" LfhSize="53"><Block Hash="50eJQkQd+RPawXaJo4rvMCXalR7AqiFFChOEauMOZKs=" Size="1371"/></File><File Name="resources.scale-200.pri" Size="2856" LfhSize="53"><Block Hash="nWLyywYaEah1kC1u/5IJd8wL0DlZ9crc1F77rOb0ig0=" Size="1384"/></File><File Name="resources.scale-400.pri" Size="2808" LfhSize="53"><Block Hash="qloHTZEls31ta76yyop/u7cqycthkpo3zDQrgp8HlYA=" Size="1371"/></File><File Name="AppxManifest.xml" Size="3889" LfhSize="46"><Block Hash="3o6cKcP82Dp5XhxxNpn6u1LR2YOWQUmsp+OAJF8UOgU=" Size="1020"/></File></BlockMap>