<?xml version="1.0" encoding="utf-8"?>
  <Package xmlns="http://schemas.microsoft.com/appx/manifest/foundation/windows10" 
          xmlns:uap="http://schemas.microsoft.com/appx/manifest/uap/windows10" 
          xmlns:uap2="http://schemas.microsoft.com/appx/manifest/uap/windows10/2" 
          xmlns:uap3="http://schemas.microsoft.com/appx/manifest/uap/windows10/3" 
          xmlns:uap4="http://schemas.microsoft.com/appx/manifest/uap/windows10/4" 
          xmlns:uap6="http://schemas.microsoft.com/appx/manifest/uap/windows10/6" 
          xmlns:uap7="http://schemas.microsoft.com/appx/manifest/uap/windows10/7" 
          xmlns:uap8="http://schemas.microsoft.com/appx/manifest/uap/windows10/8" 
          xmlns:uap10="http://schemas.microsoft.com/appx/manifest/uap/windows10/10" 
          xmlns:iot="http://schemas.microsoft.com/appx/manifest/iot/windows10" 
          xmlns:desktop="http://schemas.microsoft.com/appx/manifest/desktop/windows10" 
          xmlns:desktop2="http://schemas.microsoft.com/appx/manifest/desktop/windows10/2" 
          xmlns:desktop4="http://schemas.microsoft.com/appx/manifest/desktop/windows10/4"
          xmlns:desktop5="http://schemas.microsoft.com/appx/manifest/desktop/windows10/5"
          xmlns:desktop6="http://schemas.microsoft.com/appx/manifest/desktop/windows10/6" 
          xmlns:rescap="http://schemas.microsoft.com/appx/manifest/foundation/windows10/restrictedcapabilities" 
          xmlns:rescap3="http://schemas.microsoft.com/appx/manifest/foundation/windows10/restrictedcapabilities/3" 
          xmlns:rescap6="http://schemas.microsoft.com/appx/manifest/foundation/windows10/restrictedcapabilities/6" 
          xmlns:com="http://schemas.microsoft.com/appx/manifest/com/windows10" 
          xmlns:com2="http://schemas.microsoft.com/appx/manifest/com/windows10/2" 
          xmlns:com3="http://schemas.microsoft.com/appx/manifest/com/windows10/3" 
          IgnorableNamespaces="uap3 desktop">
    <Identity Name="com.flutter.rngcapitalist" Version="2.2.0.0"
              Publisher="CN=Msix Testing, O=Msix Testing Corporation, S=Some-State, C=US" ProcessorArchitecture="x64" />
    <Properties>
      <DisplayName>rngcapitalist</DisplayName>
      <PublisherDisplayName>com.flutter.rngcapitalist</PublisherDisplayName>
      <Logo>Images\StoreLogo.png</Logo>
      <Description>AI-Powered Sunk Cost Tracker - Let intelligent chaos manage your wallet with Google Gemini AI</Description>
    </Properties>
    <Resources>
      <Resource Language="en-us" />
    </Resources>
    <Dependencies>
      <TargetDeviceFamily Name="Windows.Desktop" MinVersion="10.0.17763.0" MaxVersionTested="10.0.22621.2506" />
    </Dependencies>
    <Capabilities>
      <rescap:Capability Name="runFullTrust" />
    </Capabilities>
    <Applications>
      <Application Id="rngcapitalist" Executable="rng_capitalist.exe" EntryPoint="Windows.FullTrustApplication">
        <uap:VisualElements BackgroundColor="transparent"
          DisplayName="rngcapitalist" Square150x150Logo="Images\Square150x150Logo.png"
          Square44x44Logo="Images\Square44x44Logo.png" Description="AI-Powered Sunk Cost Tracker - Let intelligent chaos manage your wallet with Google Gemini AI">
          <uap:DefaultTile ShortName="rngcapitalist" Square310x310Logo="Images\LargeTile.png"
          Square71x71Logo="Images\SmallTile.png" Wide310x150Logo="Images\Wide310x150Logo.png">
            <uap:ShowNameOnTiles>
              <uap:ShowOn Tile="square150x150Logo"/>
              <uap:ShowOn Tile="square310x310Logo"/>
              <uap:ShowOn Tile="wide310x150Logo"/>
            </uap:ShowNameOnTiles>
          </uap:DefaultTile>
          <uap:SplashScreen Image="Images\SplashScreen.png"/>
          <uap:LockScreen BadgeLogo="Images\BadgeLogo.png" Notification="badge"/>
        </uap:VisualElements>
          </Application>
    </Applications>
  </Package>